Task,Start,Finish,Resource,ResourceType,System,Milestone,FTE
bif-CTM-dev,2025-11-04,2025-11-20,dev,dev,bif,CTM,4
hac-T360 2 T360Next-dev,2025-11-04,2025-11-20,dev,dev,hac,T360 2 T360Next,3
sol-T360 2 T360Next-dev,2025-11-04,2025-11-20,dev,dev,sol,T360 2 T360Next,3
prosit-T360 2 T360Next-dev,2025-11-04,2025-11-20,dev,dev,prosit,T360 2 T360Next,3
bif-CTM-dev,2025-11-20,2025-12-26,dev,dev,bif,CTM,4
prosit-BI fac 2 T360Next-dev,2025-11-20,2025-12-26,dev,dev,prosit,BI fac 2 T360Next,2
hac-BI fac 2 T360Next-dev,2025-11-20,2025-12-26,dev,dev,hac,BI fac 2 T360Next,2
prosit-BI fac 2 T360Next-dev,2025-12-26,2026-01-01,dev,dev,prosit,BI fac 2 T360Next,2
hac-BI fac 2 T360Next-dev,2025-12-26,2026-01-01,dev,dev,hac,BI fac 2 T360Next,2
bif-CTM to SF-dev,2025-12-26,2026-01-01,dev,dev,bif,CTM to SF,9
bif-CTM to SF-dev,2026-01-01,2026-01-22,dev,dev,bif,CTM to SF,9
grus-T360 2 T360Next-dev,2026-02-02,2026-02-04,dev,dev,grus,T360 2 T360Next,3
sol-BI fac 2 T360Next-dev,2026-02-02,2026-02-04,dev,dev,sol,BI fac 2 T360Next,2
prosit-Test on SF mock-test,2026-02-02,2026-02-04,test,test,prosit,Test on SF mock,5
grus-T360 2 T360Next-dev,2026-02-04,2026-02-06,dev,dev,grus,T360 2 T360Next,3
sol-BI fac 2 T360Next-dev,2026-02-04,2026-02-06,dev,dev,sol,BI fac 2 T360Next,2
prosit-Real data 2 SF-dev,2026-02-04,2026-02-06,dev,dev,prosit,Real data 2 SF,1
hac-Test on SF mock-test,2026-02-04,2026-02-06,test,test,hac,Test on SF mock,5
grus-T360 2 T360Next-dev,2026-02-06,2026-02-10,dev,dev,grus,T360 2 T360Next,3
sol-BI fac 2 T360Next-dev,2026-02-06,2026-02-10,dev,dev,sol,BI fac 2 T360Next,2
prosit-Real data 2 SF-dev,2026-02-06,2026-02-10,dev,dev,prosit,Real data 2 SF,1
hac-Real data 2 SF-dev,2026-02-06,2026-02-10,dev,dev,hac,Real data 2 SF,1
bif-Test on SF mock-test,2026-02-06,2026-02-10,test,test,bif,Test on SF mock,5
grus-T360 2 T360Next-dev,2026-02-10,2026-02-18,dev,dev,grus,T360 2 T360Next,3
sol-BI fac 2 T360Next-dev,2026-02-10,2026-02-18,dev,dev,sol,BI fac 2 T360Next,2
prosit-Real data 2 SF-dev,2026-02-10,2026-02-18,dev,dev,prosit,Real data 2 SF,1
hac-Real data 2 SF-dev,2026-02-10,2026-02-18,dev,dev,hac,Real data 2 SF,1
sol-BI fac 2 T360Next-dev,2026-02-18,2026-03-16,dev,dev,sol,BI fac 2 T360Next,2
grus-BI fac 2 T360Next-dev,2026-02-18,2026-03-16,dev,dev,grus,BI fac 2 T360Next,2
prosit-Real data 2 SF-dev,2026-02-18,2026-03-16,dev,dev,prosit,Real data 2 SF,1
hac-Real data 2 SF-dev,2026-02-18,2026-03-16,dev,dev,hac,Real data 2 SF,1
grus-BI fac 2 T360Next-dev,2026-03-16,2026-03-18,dev,dev,grus,BI fac 2 T360Next,2
prosit-Real data 2 SF-dev,2026-03-16,2026-03-18,dev,dev,prosit,Real data 2 SF,1
hac-Real data 2 SF-dev,2026-03-16,2026-03-18,dev,dev,hac,Real data 2 SF,1
sol-Test on SF mock-test,2026-03-16,2026-03-18,test,test,sol,Test on SF mock,5
grus-BI fac 2 T360Next-dev,2026-03-18,2026-03-24,dev,dev,grus,BI fac 2 T360Next,2
prosit-Real data 2 SF-dev,2026-03-18,2026-03-24,dev,dev,prosit,Real data 2 SF,1
hac-Real data 2 SF-dev,2026-03-18,2026-03-24,dev,dev,hac,Real data 2 SF,1
grus-BI fac 2 T360Next-dev,2026-03-24,2026-03-26,dev,dev,grus,BI fac 2 T360Next,2
prosit-Test of SF-dev,2026-03-24,2026-03-26,dev,dev,prosit,Test of SF,4
hac-Real data 2 SF-dev,2026-03-24,2026-03-26,dev,dev,hac,Real data 2 SF,1
grus-BI fac 2 T360Next-dev,2026-03-26,2026-04-01,dev,dev,grus,BI fac 2 T360Next,2
prosit-Test of SF-dev,2026-03-26,2026-04-01,dev,dev,prosit,Test of SF,4
hac-Test of SF-dev,2026-03-26,2026-04-01,dev,dev,hac,Test of SF,4
prosit-Test of SF-dev,2026-04-01,2026-04-03,dev,dev,prosit,Test of SF,4
hac-Test of SF-dev,2026-04-01,2026-04-03,dev,dev,hac,Test of SF,4
grus-Test on SF mock-test,2026-04-01,2026-04-03,test,test,grus,Test on SF mock,5
prosit-Test of SF-dev,2026-04-03,2026-04-04,dev,dev,prosit,Test of SF,4
hac-Test of SF-dev,2026-04-03,2026-04-04,dev,dev,hac,Test of SF,4
hac-Test of SF-dev,2026-04-04,2026-04-06,dev,dev,hac,Test of SF,4
prosit-Test of MM-dev,2026-04-06,2026-04-08,dev,dev,prosit,Test of MM,2
hac-Test of SF-dev,2026-04-06,2026-04-08,dev,dev,hac,Test of SF,4
bif-Real data 2 SF-dev,2026-04-06,2026-04-08,dev,dev,bif,Real data 2 SF,9
prosit-Test of MM-dev,2026-04-08,2026-05-06,dev,dev,prosit,Test of MM,2
bif-Real data 2 SF-dev,2026-04-08,2026-05-06,dev,dev,bif,Real data 2 SF,9
hac-Test of MM-dev,2026-04-08,2026-05-06,dev,dev,hac,Test of MM,2
bif-Real data 2 SF-dev,2026-05-06,2026-05-08,dev,dev,bif,Real data 2 SF,9
prosit-Test of other marts-dev,2026-05-06,2026-05-08,dev,dev,prosit,Test of other marts,2
hac-Test of MM-dev,2026-05-06,2026-05-08,dev,dev,hac,Test of MM,2
bif-Real data 2 SF-dev,2026-05-08,2026-05-28,dev,dev,bif,Real data 2 SF,9
prosit-Test of other marts-dev,2026-05-08,2026-05-28,dev,dev,prosit,Test of other marts,2
prosit-Test of other marts-dev,2026-05-28,2026-06-05,dev,dev,prosit,Test of other marts,2
bif-Test of SF-dev,2026-05-28,2026-06-05,dev,dev,bif,Test of SF,9
sol-Real data 2 SF-dev,2026-05-28,2026-06-05,dev,dev,sol,Real data 2 SF,1
hac-Test of other marts-dev,2026-05-28,2026-06-05,dev,dev,hac,Test of other marts,2
bif-Test of SF-dev,2026-06-05,2026-06-11,dev,dev,bif,Test of SF,9
sol-Real data 2 SF-dev,2026-06-05,2026-06-11,dev,dev,sol,Real data 2 SF,1
hac-Test of other marts-dev,2026-06-05,2026-06-11,dev,dev,hac,Test of other marts,2
sol-Real data 2 SF-dev,2026-06-11,2026-06-27,dev,dev,sol,Real data 2 SF,1
hac-Test of other marts-dev,2026-06-11,2026-06-27,dev,dev,hac,Test of other marts,2
bif-Test of MM-dev,2026-06-11,2026-06-27,dev,dev,bif,Test of MM,3
grus-Real data 2 SF-dev,2026-06-11,2026-06-27,dev,dev,grus,Real data 2 SF,1
warranty-T360 2 T360Next-dev,2026-06-11,2026-06-27,dev,dev,warranty,T360 2 T360Next,3
sol-Real data 2 SF-dev,2026-06-27,2026-07-15,dev,dev,sol,Real data 2 SF,1
bif-Test of MM-dev,2026-06-27,2026-07-15,dev,dev,bif,Test of MM,3
grus-Real data 2 SF-dev,2026-06-27,2026-07-15,dev,dev,grus,Real data 2 SF,1
sol-Test of SF-dev,2026-07-15,2026-07-21,dev,dev,sol,Test of SF,4
bif-Test of MM-dev,2026-07-15,2026-07-21,dev,dev,bif,Test of MM,3
grus-Real data 2 SF-dev,2026-07-15,2026-07-21,dev,dev,grus,Real data 2 SF,1
sol-Test of SF-dev,2026-07-21,2026-07-28,dev,dev,sol,Test of SF,4
grus-Real data 2 SF-dev,2026-07-21,2026-07-28,dev,dev,grus,Real data 2 SF,1
bif-Test of other marts-dev,2026-07-21,2026-07-28,dev,dev,bif,Test of other marts,3
warranty-BI fac 2 T360Next-dev,2026-07-21,2026-07-28,dev,dev,warranty,BI fac 2 T360Next,2
grus-Real data 2 SF-dev,2026-07-28,2026-07-29,dev,dev,grus,Real data 2 SF,1
sol-Test of MM-dev,2026-07-28,2026-07-29,dev,dev,sol,Test of MM,2
bif-Test of other marts-dev,2026-07-28,2026-07-29,dev,dev,bif,Test of other marts,3
warranty-BI fac 2 T360Next-dev,2026-07-28,2026-07-29,dev,dev,warranty,BI fac 2 T360Next,2
motor-T360 2 T360Next-dev,2026-07-28,2026-07-29,dev,dev,motor,T360 2 T360Next,3
sol-Test of MM-dev,2026-07-29,2026-08-11,dev,dev,sol,Test of MM,2
bif-Test of other marts-dev,2026-07-29,2026-08-11,dev,dev,bif,Test of other marts,3
grus-Test of SF-dev,2026-07-29,2026-08-11,dev,dev,grus,Test of SF,4
warranty-BI fac 2 T360Next-dev,2026-07-29,2026-08-11,dev,dev,warranty,BI fac 2 T360Next,2
motor-T360 2 T360Next-dev,2026-07-29,2026-08-11,dev,dev,motor,T360 2 T360Next,3
sol-Test of MM-dev,2026-08-11,2026-08-13,dev,dev,sol,Test of MM,2
bif-Test of other marts-dev,2026-08-11,2026-08-13,dev,dev,bif,Test of other marts,3
warranty-BI fac 2 T360Next-dev,2026-08-11,2026-08-13,dev,dev,warranty,BI fac 2 T360Next,2
motor-T360 2 T360Next-dev,2026-08-11,2026-08-13,dev,dev,motor,T360 2 T360Next,3
grus-Test of MM-dev,2026-08-11,2026-08-13,dev,dev,grus,Test of MM,2
sol-Test of MM-dev,2026-08-13,2026-08-27,dev,dev,sol,Test of MM,2
bif-Test of other marts-dev,2026-08-13,2026-08-27,dev,dev,bif,Test of other marts,3
warranty-BI fac 2 T360Next-dev,2026-08-13,2026-08-27,dev,dev,warranty,BI fac 2 T360Next,2
grus-Test of MM-dev,2026-08-13,2026-08-27,dev,dev,grus,Test of MM,2
motor-BI fac 2 T360Next-dev,2026-08-13,2026-08-27,dev,dev,motor,BI fac 2 T360Next,2
gwse-T360 2 T360Next-dev,2026-08-13,2026-08-27,dev,dev,gwse,T360 2 T360Next,3
bif-Test of other marts-dev,2026-08-27,2026-08-28,dev,dev,bif,Test of other marts,3
warranty-BI fac 2 T360Next-dev,2026-08-27,2026-08-28,dev,dev,warranty,BI fac 2 T360Next,2
sol-Test of other marts-dev,2026-08-27,2026-08-28,dev,dev,sol,Test of other marts,2
grus-Test of MM-dev,2026-08-27,2026-08-28,dev,dev,grus,Test of MM,2
motor-BI fac 2 T360Next-dev,2026-08-27,2026-08-28,dev,dev,motor,BI fac 2 T360Next,2
gwse-T360 2 T360Next-dev,2026-08-27,2026-08-28,dev,dev,gwse,T360 2 T360Next,3
warranty-BI fac 2 T360Next-dev,2026-08-28,2026-08-29,dev,dev,warranty,BI fac 2 T360Next,2
sol-Test of other marts-dev,2026-08-28,2026-08-29,dev,dev,sol,Test of other marts,2
grus-Test of MM-dev,2026-08-28,2026-08-29,dev,dev,grus,Test of MM,2
motor-BI fac 2 T360Next-dev,2026-08-28,2026-08-29,dev,dev,motor,BI fac 2 T360Next,2
gwse-T360 2 T360Next-dev,2026-08-28,2026-08-29,dev,dev,gwse,T360 2 T360Next,3
warranty-BI fac 2 T360Next-dev,2026-08-29,2026-08-31,dev,dev,warranty,BI fac 2 T360Next,2
sol-Test of other marts-dev,2026-08-29,2026-08-31,dev,dev,sol,Test of other marts,2
grus-Test of MM-dev,2026-08-29,2026-08-31,dev,dev,grus,Test of MM,2
motor-BI fac 2 T360Next-dev,2026-08-29,2026-08-31,dev,dev,motor,BI fac 2 T360Next,2
warranty-BI fac 2 T360Next-dev,2026-08-31,2026-09-01,dev,dev,warranty,BI fac 2 T360Next,2
sol-Test of other marts-dev,2026-08-31,2026-09-01,dev,dev,sol,Test of other marts,2
grus-Test of MM-dev,2026-08-31,2026-09-01,dev,dev,grus,Test of MM,2
motor-BI fac 2 T360Next-dev,2026-08-31,2026-09-01,dev,dev,motor,BI fac 2 T360Next,2
gwse-BI fac 2 T360Next-dev,2026-08-31,2026-09-01,dev,dev,gwse,BI fac 2 T360Next,2
clan-T360 2 T360Next-dev,2026-08-31,2026-09-01,dev,dev,clan,T360 2 T360Next,3
sol-Test of other marts-dev,2026-09-01,2026-09-03,dev,dev,sol,Test of other marts,2
grus-Test of MM-dev,2026-09-01,2026-09-03,dev,dev,grus,Test of MM,2
warranty-Test on SF mock-test,2026-09-01,2026-09-03,test,test,warranty,Test on SF mock,5
motor-BI fac 2 T360Next-dev,2026-09-01,2026-09-03,dev,dev,motor,BI fac 2 T360Next,2
gwse-BI fac 2 T360Next-dev,2026-09-01,2026-09-03,dev,dev,gwse,BI fac 2 T360Next,2
clan-T360 2 T360Next-dev,2026-09-01,2026-09-03,dev,dev,clan,T360 2 T360Next,3
sol-Test of other marts-dev,2026-09-03,2026-09-10,dev,dev,sol,Test of other marts,2
grus-Test of MM-dev,2026-09-03,2026-09-10,dev,dev,grus,Test of MM,2
motor-BI fac 2 T360Next-dev,2026-09-03,2026-09-10,dev,dev,motor,BI fac 2 T360Next,2
warranty-Real data 2 SF-dev,2026-09-03,2026-09-10,dev,dev,warranty,Real data 2 SF,1
gwse-BI fac 2 T360Next-dev,2026-09-03,2026-09-10,dev,dev,gwse,BI fac 2 T360Next,2
clan-T360 2 T360Next-dev,2026-09-03,2026-09-10,dev,dev,clan,T360 2 T360Next,3
sol-Test of other marts-dev,2026-09-10,2026-09-16,dev,dev,sol,Test of other marts,2
motor-BI fac 2 T360Next-dev,2026-09-10,2026-09-16,dev,dev,motor,BI fac 2 T360Next,2
grus-Test of other marts-dev,2026-09-10,2026-09-16,dev,dev,grus,Test of other marts,2
warranty-Real data 2 SF-dev,2026-09-10,2026-09-16,dev,dev,warranty,Real data 2 SF,1
gwse-BI fac 2 T360Next-dev,2026-09-10,2026-09-16,dev,dev,gwse,BI fac 2 T360Next,2
clan-T360 2 T360Next-dev,2026-09-10,2026-09-16,dev,dev,clan,T360 2 T360Next,3
sol-Test of other marts-dev,2026-09-16,2026-09-24,dev,dev,sol,Test of other marts,2
motor-BI fac 2 T360Next-dev,2026-09-16,2026-09-24,dev,dev,motor,BI fac 2 T360Next,2
grus-Test of other marts-dev,2026-09-16,2026-09-24,dev,dev,grus,Test of other marts,2
warranty-Real data 2 SF-dev,2026-09-16,2026-09-24,dev,dev,warranty,Real data 2 SF,1
gwse-BI fac 2 T360Next-dev,2026-09-16,2026-09-24,dev,dev,gwse,BI fac 2 T360Next,2
clan-BI fac 2 T360Next-dev,2026-09-16,2026-09-24,dev,dev,clan,BI fac 2 T360Next,2
sol-Test of other marts-dev,2026-09-24,2026-09-26,dev,dev,sol,Test of other marts,2
grus-Test of other marts-dev,2026-09-24,2026-09-26,dev,dev,grus,Test of other marts,2
warranty-Real data 2 SF-dev,2026-09-24,2026-09-26,dev,dev,warranty,Real data 2 SF,1
motor-Test on SF mock-test,2026-09-24,2026-09-26,test,test,motor,Test on SF mock,5
gwse-BI fac 2 T360Next-dev,2026-09-24,2026-09-26,dev,dev,gwse,BI fac 2 T360Next,2
clan-BI fac 2 T360Next-dev,2026-09-24,2026-09-26,dev,dev,clan,BI fac 2 T360Next,2
mdb-T360 2 T360Next-dev,2026-09-24,2026-09-26,dev,dev,mdb,T360 2 T360Next,3
grus-Test of other marts-dev,2026-09-26,2026-09-28,dev,dev,grus,Test of other marts,2
warranty-Real data 2 SF-dev,2026-09-26,2026-09-28,dev,dev,warranty,Real data 2 SF,1
gwse-BI fac 2 T360Next-dev,2026-09-26,2026-09-28,dev,dev,gwse,BI fac 2 T360Next,2
clan-BI fac 2 T360Next-dev,2026-09-26,2026-09-28,dev,dev,clan,BI fac 2 T360Next,2
mdb-T360 2 T360Next-dev,2026-09-26,2026-09-28,dev,dev,mdb,T360 2 T360Next,3
grus-Test of other marts-dev,2026-09-28,2026-10-10,dev,dev,grus,Test of other marts,2
warranty-Real data 2 SF-dev,2026-09-28,2026-10-10,dev,dev,warranty,Real data 2 SF,1
gwse-BI fac 2 T360Next-dev,2026-09-28,2026-10-10,dev,dev,gwse,BI fac 2 T360Next,2
motor-Real data 2 SF-dev,2026-09-28,2026-10-10,dev,dev,motor,Real data 2 SF,1
clan-BI fac 2 T360Next-dev,2026-09-28,2026-10-10,dev,dev,clan,BI fac 2 T360Next,2
mdb-T360 2 T360Next-dev,2026-09-28,2026-10-10,dev,dev,mdb,T360 2 T360Next,3
warranty-Real data 2 SF-dev,2026-10-10,2026-10-12,dev,dev,warranty,Real data 2 SF,1
gwse-BI fac 2 T360Next-dev,2026-10-10,2026-10-12,dev,dev,gwse,BI fac 2 T360Next,2
motor-Real data 2 SF-dev,2026-10-10,2026-10-12,dev,dev,motor,Real data 2 SF,1
clan-BI fac 2 T360Next-dev,2026-10-10,2026-10-12,dev,dev,clan,BI fac 2 T360Next,2
warranty-Real data 2 SF-dev,2026-10-12,2026-10-14,dev,dev,warranty,Real data 2 SF,1
motor-Real data 2 SF-dev,2026-10-12,2026-10-14,dev,dev,motor,Real data 2 SF,1
gwse-Test on SF mock-test,2026-10-12,2026-10-14,test,test,gwse,Test on SF mock,5
clan-BI fac 2 T360Next-dev,2026-10-12,2026-10-14,dev,dev,clan,BI fac 2 T360Next,2
mdb-BI fac 2 T360Next-dev,2026-10-12,2026-10-14,dev,dev,mdb,BI fac 2 T360Next,2
warranty-Real data 2 SF-dev,2026-10-14,2026-10-21,dev,dev,warranty,Real data 2 SF,1
motor-Real data 2 SF-dev,2026-10-14,2026-10-21,dev,dev,motor,Real data 2 SF,1
clan-BI fac 2 T360Next-dev,2026-10-14,2026-10-21,dev,dev,clan,BI fac 2 T360Next,2
gwse-Real data 2 SF-dev,2026-10-14,2026-10-21,dev,dev,gwse,Real data 2 SF,1
mdb-BI fac 2 T360Next-dev,2026-10-14,2026-10-21,dev,dev,mdb,BI fac 2 T360Next,2
warranty-Test of SF-dev,2026-10-21,2026-10-28,dev,dev,warranty,Test of SF,4
motor-Real data 2 SF-dev,2026-10-21,2026-10-28,dev,dev,motor,Real data 2 SF,1
clan-BI fac 2 T360Next-dev,2026-10-21,2026-10-28,dev,dev,clan,BI fac 2 T360Next,2
gwse-Real data 2 SF-dev,2026-10-21,2026-10-28,dev,dev,gwse,Real data 2 SF,1
mdb-BI fac 2 T360Next-dev,2026-10-21,2026-10-28,dev,dev,mdb,BI fac 2 T360Next,2
warranty-Test of SF-dev,2026-10-28,2026-10-30,dev,dev,warranty,Test of SF,4
motor-Real data 2 SF-dev,2026-10-28,2026-10-30,dev,dev,motor,Real data 2 SF,1
gwse-Real data 2 SF-dev,2026-10-28,2026-10-30,dev,dev,gwse,Real data 2 SF,1
clan-Test on SF mock-test,2026-10-28,2026-10-30,test,test,clan,Test on SF mock,5
mdb-BI fac 2 T360Next-dev,2026-10-28,2026-10-30,dev,dev,mdb,BI fac 2 T360Next,2
warranty-Test of SF-dev,2026-10-30,2026-11-03,dev,dev,warranty,Test of SF,4
motor-Real data 2 SF-dev,2026-10-30,2026-11-03,dev,dev,motor,Real data 2 SF,1
gwse-Real data 2 SF-dev,2026-10-30,2026-11-03,dev,dev,gwse,Real data 2 SF,1
mdb-BI fac 2 T360Next-dev,2026-10-30,2026-11-03,dev,dev,mdb,BI fac 2 T360Next,2
motor-Real data 2 SF-dev,2026-11-03,2026-11-13,dev,dev,motor,Real data 2 SF,1
warranty-Test of MM-dev,2026-11-03,2026-11-13,dev,dev,warranty,Test of MM,2
gwse-Real data 2 SF-dev,2026-11-03,2026-11-13,dev,dev,gwse,Real data 2 SF,1
mdb-BI fac 2 T360Next-dev,2026-11-03,2026-11-13,dev,dev,mdb,BI fac 2 T360Next,2
warranty-Test of MM-dev,2026-11-13,2026-11-23,dev,dev,warranty,Test of MM,2
motor-Test of SF-dev,2026-11-13,2026-11-23,dev,dev,motor,Test of SF,4
gwse-Real data 2 SF-dev,2026-11-13,2026-11-23,dev,dev,gwse,Real data 2 SF,1
mdb-BI fac 2 T360Next-dev,2026-11-13,2026-11-23,dev,dev,mdb,BI fac 2 T360Next,2
clan-Real data 2 SF-dev,2026-11-13,2026-11-23,dev,dev,clan,Real data 2 SF,1
warranty-Test of MM-dev,2026-11-23,2026-11-25,dev,dev,warranty,Test of MM,2
motor-Test of SF-dev,2026-11-23,2026-11-25,dev,dev,motor,Test of SF,4
gwse-Real data 2 SF-dev,2026-11-23,2026-11-25,dev,dev,gwse,Real data 2 SF,1
clan-Real data 2 SF-dev,2026-11-23,2026-11-25,dev,dev,clan,Real data 2 SF,1
mdb-Test on SF mock-test,2026-11-23,2026-11-25,test,test,mdb,Test on SF mock,5
warranty-Test of MM-dev,2026-11-25,2026-11-26,dev,dev,warranty,Test of MM,2
motor-Test of SF-dev,2026-11-25,2026-11-26,dev,dev,motor,Test of SF,4
gwse-Real data 2 SF-dev,2026-11-25,2026-11-26,dev,dev,gwse,Real data 2 SF,1
clan-Real data 2 SF-dev,2026-11-25,2026-11-26,dev,dev,clan,Real data 2 SF,1
warranty-Test of MM-dev,2026-11-26,2026-12-01,dev,dev,warranty,Test of MM,2
gwse-Real data 2 SF-dev,2026-11-26,2026-12-01,dev,dev,gwse,Real data 2 SF,1
motor-Test of MM-dev,2026-11-26,2026-12-01,dev,dev,motor,Test of MM,2
clan-Real data 2 SF-dev,2026-11-26,2026-12-01,dev,dev,clan,Real data 2 SF,1
warranty-Test of MM-dev,2026-12-01,2026-12-03,dev,dev,warranty,Test of MM,2
motor-Test of MM-dev,2026-12-01,2026-12-03,dev,dev,motor,Test of MM,2
gwse-Test of SF-dev,2026-12-01,2026-12-03,dev,dev,gwse,Test of SF,4
clan-Real data 2 SF-dev,2026-12-01,2026-12-03,dev,dev,clan,Real data 2 SF,1
warranty-Test of other marts-dev,2026-12-03,2026-12-12,dev,dev,warranty,Test of other marts,2
motor-Test of MM-dev,2026-12-03,2026-12-12,dev,dev,motor,Test of MM,2
gwse-Test of SF-dev,2026-12-03,2026-12-12,dev,dev,gwse,Test of SF,4
clan-Real data 2 SF-dev,2026-12-03,2026-12-12,dev,dev,clan,Real data 2 SF,1
mdb-Real data 2 SF-dev,2026-12-03,2026-12-12,dev,dev,mdb,Real data 2 SF,1
warranty-Test of other marts-dev,2026-12-12,2026-12-14,dev,dev,warranty,Test of other marts,2
motor-Test of MM-dev,2026-12-12,2026-12-14,dev,dev,motor,Test of MM,2
clan-Real data 2 SF-dev,2026-12-12,2026-12-14,dev,dev,clan,Real data 2 SF,1
mdb-Real data 2 SF-dev,2026-12-12,2026-12-14,dev,dev,mdb,Real data 2 SF,1
warranty-Test of other marts-dev,2026-12-14,2026-12-26,dev,dev,warranty,Test of other marts,2
motor-Test of MM-dev,2026-12-14,2026-12-26,dev,dev,motor,Test of MM,2
clan-Real data 2 SF-dev,2026-12-14,2026-12-26,dev,dev,clan,Real data 2 SF,1
gwse-Test of MM-dev,2026-12-14,2026-12-26,dev,dev,gwse,Test of MM,2
mdb-Real data 2 SF-dev,2026-12-14,2026-12-26,dev,dev,mdb,Real data 2 SF,1
warranty-Test of other marts-dev,2026-12-26,2026-12-28,dev,dev,warranty,Test of other marts,2
clan-Real data 2 SF-dev,2026-12-26,2026-12-28,dev,dev,clan,Real data 2 SF,1
gwse-Test of MM-dev,2026-12-26,2026-12-28,dev,dev,gwse,Test of MM,2
mdb-Real data 2 SF-dev,2026-12-26,2026-12-28,dev,dev,mdb,Real data 2 SF,1
warranty-Test of other marts-dev,2026-12-28,2026-12-31,dev,dev,warranty,Test of other marts,2
clan-Real data 2 SF-dev,2026-12-28,2026-12-31,dev,dev,clan,Real data 2 SF,1
motor-Test of other marts-dev,2026-12-28,2026-12-31,dev,dev,motor,Test of other marts,2
gwse-Test of MM-dev,2026-12-28,2026-12-31,dev,dev,gwse,Test of MM,2
mdb-Real data 2 SF-dev,2026-12-28,2026-12-31,dev,dev,mdb,Real data 2 SF,1
tia-T360 2 T360Next-dev,2026-12-28,2026-12-31,dev,dev,tia,T360 2 T360Next,5
warranty-Test of other marts-dev,2026-12-31,2027-01-02,dev,dev,warranty,Test of other marts,2
motor-Test of other marts-dev,2026-12-31,2027-01-02,dev,dev,motor,Test of other marts,2
gwse-Test of MM-dev,2026-12-31,2027-01-02,dev,dev,gwse,Test of MM,2
clan-Test of SF-dev,2026-12-31,2027-01-02,dev,dev,clan,Test of SF,4
mdb-Real data 2 SF-dev,2026-12-31,2027-01-02,dev,dev,mdb,Real data 2 SF,1
tia-T360 2 T360Next-dev,2026-12-31,2027-01-02,dev,dev,tia,T360 2 T360Next,5
motor-Test of other marts-dev,2027-01-02,2027-01-13,dev,dev,motor,Test of other marts,2
gwse-Test of MM-dev,2027-01-02,2027-01-13,dev,dev,gwse,Test of MM,2
clan-Test of SF-dev,2027-01-02,2027-01-13,dev,dev,clan,Test of SF,4
mdb-Real data 2 SF-dev,2027-01-02,2027-01-13,dev,dev,mdb,Real data 2 SF,1
tia-T360 2 T360Next-dev,2027-01-02,2027-01-13,dev,dev,tia,T360 2 T360Next,5
motor-Test of other marts-dev,2027-01-13,2027-01-16,dev,dev,motor,Test of other marts,2
mdb-Real data 2 SF-dev,2027-01-13,2027-01-16,dev,dev,mdb,Real data 2 SF,1
tia-T360 2 T360Next-dev,2027-01-13,2027-01-16,dev,dev,tia,T360 2 T360Next,5
gwse-Test of other marts-dev,2027-01-13,2027-01-16,dev,dev,gwse,Test of other marts,2
clan-Test of MM-dev,2027-01-13,2027-01-16,dev,dev,clan,Test of MM,2
motor-Test of other marts-dev,2027-01-16,2027-01-18,dev,dev,motor,Test of other marts,2
mdb-Real data 2 SF-dev,2027-01-16,2027-01-18,dev,dev,mdb,Real data 2 SF,1
gwse-Test of other marts-dev,2027-01-16,2027-01-18,dev,dev,gwse,Test of other marts,2
clan-Test of MM-dev,2027-01-16,2027-01-18,dev,dev,clan,Test of MM,2
motor-Test of other marts-dev,2027-01-18,2027-01-20,dev,dev,motor,Test of other marts,2
mdb-Real data 2 SF-dev,2027-01-18,2027-01-20,dev,dev,mdb,Real data 2 SF,1
gwse-Test of other marts-dev,2027-01-18,2027-01-20,dev,dev,gwse,Test of other marts,2
clan-Test of MM-dev,2027-01-18,2027-01-20,dev,dev,clan,Test of MM,2
tia-BI fac 2 T360Next-dev,2027-01-18,2027-01-20,dev,dev,tia,BI fac 2 T360Next,4
fks-T360 2 T360Next-dev,2027-01-18,2027-01-20,dev,dev,fks,T360 2 T360Next,3
motor-Test of other marts-dev,2027-01-20,2027-01-27,dev,dev,motor,Test of other marts,2
gwse-Test of other marts-dev,2027-01-20,2027-01-27,dev,dev,gwse,Test of other marts,2
clan-Test of MM-dev,2027-01-20,2027-01-27,dev,dev,clan,Test of MM,2
mdb-Test of SF-dev,2027-01-20,2027-01-27,dev,dev,mdb,Test of SF,4
tia-BI fac 2 T360Next-dev,2027-01-20,2027-01-27,dev,dev,tia,BI fac 2 T360Next,4
fks-T360 2 T360Next-dev,2027-01-20,2027-01-27,dev,dev,fks,T360 2 T360Next,3
gwse-Test of other marts-dev,2027-01-27,2027-02-02,dev,dev,gwse,Test of other marts,2
clan-Test of MM-dev,2027-01-27,2027-02-02,dev,dev,clan,Test of MM,2
mdb-Test of SF-dev,2027-01-27,2027-02-02,dev,dev,mdb,Test of SF,4
tia-BI fac 2 T360Next-dev,2027-01-27,2027-02-02,dev,dev,tia,BI fac 2 T360Next,4
fks-T360 2 T360Next-dev,2027-01-27,2027-02-02,dev,dev,fks,T360 2 T360Next,3
gwse-Test of other marts-dev,2027-02-02,2027-02-03,dev,dev,gwse,Test of other marts,2
clan-Test of MM-dev,2027-02-02,2027-02-03,dev,dev,clan,Test of MM,2
tia-BI fac 2 T360Next-dev,2027-02-02,2027-02-03,dev,dev,tia,BI fac 2 T360Next,4
fks-T360 2 T360Next-dev,2027-02-02,2027-02-03,dev,dev,fks,T360 2 T360Next,3
mdb-Test of MM-dev,2027-02-02,2027-02-03,dev,dev,mdb,Test of MM,2
gwse-Test of other marts-dev,2027-02-03,2027-02-12,dev,dev,gwse,Test of other marts,2
clan-Test of MM-dev,2027-02-03,2027-02-12,dev,dev,clan,Test of MM,2
tia-BI fac 2 T360Next-dev,2027-02-03,2027-02-12,dev,dev,tia,BI fac 2 T360Next,4
mdb-Test of MM-dev,2027-02-03,2027-02-12,dev,dev,mdb,Test of MM,2
fks-BI fac 2 T360Next-dev,2027-02-03,2027-02-12,dev,dev,fks,BI fac 2 T360Next,2
tia-BI fac 2 T360Next-dev,2027-02-12,2027-03-04,dev,dev,tia,BI fac 2 T360Next,4
clan-Test of other marts-dev,2027-02-12,2027-03-04,dev,dev,clan,Test of other marts,2
mdb-Test of MM-dev,2027-02-12,2027-03-04,dev,dev,mdb,Test of MM,2
fks-BI fac 2 T360Next-dev,2027-02-12,2027-03-04,dev,dev,fks,BI fac 2 T360Next,2
tia-BI fac 2 T360Next-dev,2027-03-04,2027-03-14,dev,dev,tia,BI fac 2 T360Next,4
clan-Test of other marts-dev,2027-03-04,2027-03-14,dev,dev,clan,Test of other marts,2
fks-BI fac 2 T360Next-dev,2027-03-04,2027-03-14,dev,dev,fks,BI fac 2 T360Next,2
mdb-Test of other marts-dev,2027-03-04,2027-03-14,dev,dev,mdb,Test of other marts,2
tia-BI fac 2 T360Next-dev,2027-03-14,2027-03-17,dev,dev,tia,BI fac 2 T360Next,4
fks-BI fac 2 T360Next-dev,2027-03-14,2027-03-17,dev,dev,fks,BI fac 2 T360Next,2
mdb-Test of other marts-dev,2027-03-14,2027-03-17,dev,dev,mdb,Test of other marts,2
tia-Test on SF mock-test,2027-03-17,2027-03-19,test,test,tia,Test on SF mock,5
gwdk-CTM-dev,2027-03-17,2027-03-19,dev,dev,gwdk,CTM,9
mdb-Test of other marts-dev,2027-03-17,2027-03-19,dev,dev,mdb,Test of other marts,2
gwdk-CTM-dev,2027-03-19,2027-03-23,dev,dev,gwdk,CTM,9
mdb-Test of other marts-dev,2027-03-19,2027-03-23,dev,dev,mdb,Test of other marts,2
tia-Real data 2 SF-dev,2027-03-19,2027-03-23,dev,dev,tia,Real data 2 SF,2
fks-Test on SF mock-test,2027-03-19,2027-03-23,test,test,fks,Test on SF mock,5
gwdk-CTM-dev,2027-03-23,2027-04-03,dev,dev,gwdk,CTM,9
mdb-Test of other marts-dev,2027-03-23,2027-04-03,dev,dev,mdb,Test of other marts,2
tia-Real data 2 SF-dev,2027-03-23,2027-04-03,dev,dev,tia,Real data 2 SF,2
gwdk-CTM-dev,2027-04-03,2027-04-24,dev,dev,gwdk,CTM,9
tia-Real data 2 SF-dev,2027-04-03,2027-04-24,dev,dev,tia,Real data 2 SF,2
tia-Real data 2 SF-dev,2027-04-24,2027-04-26,dev,dev,tia,Real data 2 SF,2
tia-Real data 2 SF-dev,2027-04-26,2027-05-01,dev,dev,tia,Real data 2 SF,2
gwdk-CTM to SF-dev,2027-04-26,2027-05-01,dev,dev,gwdk,CTM to SF,4
gwaff-CTM-dev,2027-04-26,2027-05-01,dev,dev,gwaff,CTM,8
tia-Real data 2 SF-dev,2027-05-01,2027-05-03,dev,dev,tia,Real data 2 SF,2
gwaff-CTM-dev,2027-05-01,2027-05-03,dev,dev,gwaff,CTM,8
tia-Real data 2 SF-dev,2027-05-03,2027-05-05,dev,dev,tia,Real data 2 SF,2
gwaff-CTM-dev,2027-05-03,2027-05-05,dev,dev,gwaff,CTM,8
gwdk-Test on SF mock-test,2027-05-03,2027-05-05,test,test,gwdk,Test on SF mock,5
tia-Real data 2 SF-dev,2027-05-05,2027-05-06,dev,dev,tia,Real data 2 SF,2
gwaff-CTM-dev,2027-05-05,2027-05-06,dev,dev,gwaff,CTM,8
gwaff-CTM-dev,2027-05-06,2027-05-20,dev,dev,gwaff,CTM,8
tia-Test of SF-dev,2027-05-06,2027-05-20,dev,dev,tia,Test of SF,9
fks-Real data 2 SF-dev,2027-05-06,2027-05-20,dev,dev,fks,Real data 2 SF,1
gwaff-CTM-dev,2027-05-20,2027-06-19,dev,dev,gwaff,CTM,8
fks-Real data 2 SF-dev,2027-05-20,2027-06-19,dev,dev,fks,Real data 2 SF,1
tia-Test of MM-dev,2027-05-20,2027-06-19,dev,dev,tia,Test of MM,3
gwdk-Real data 2 SF-dev,2027-05-20,2027-06-19,dev,dev,gwdk,Real data 2 SF,2
fks-Real data 2 SF-dev,2027-06-19,2027-06-21,dev,dev,fks,Real data 2 SF,1
tia-Test of MM-dev,2027-06-19,2027-06-21,dev,dev,tia,Test of MM,3
gwdk-Real data 2 SF-dev,2027-06-19,2027-06-21,dev,dev,gwdk,Real data 2 SF,2
fks-Real data 2 SF-dev,2027-06-21,2027-06-23,dev,dev,fks,Real data 2 SF,1
gwaff-CTM to SF-dev,2027-06-21,2027-06-23,dev,dev,gwaff,CTM to SF,4
gwno-CTM-dev,2027-06-21,2027-06-23,dev,dev,gwno,CTM,4
tia-Test of MM-dev,2027-06-21,2027-06-23,dev,dev,tia,Test of MM,3
gwdk-Real data 2 SF-dev,2027-06-21,2027-06-23,dev,dev,gwdk,Real data 2 SF,2
gwaff-CTM to SF-dev,2027-06-23,2027-06-26,dev,dev,gwaff,CTM to SF,4
gwno-CTM-dev,2027-06-23,2027-06-26,dev,dev,gwno,CTM,4
tia-Test of MM-dev,2027-06-23,2027-06-26,dev,dev,tia,Test of MM,3
fks-Test of SF-dev,2027-06-23,2027-06-26,dev,dev,fks,Test of SF,4
gwdk-Real data 2 SF-dev,2027-06-23,2027-06-26,dev,dev,gwdk,Real data 2 SF,2
gwno-CTM-dev,2027-06-26,2027-06-28,dev,dev,gwno,CTM,4
tia-Test of MM-dev,2027-06-26,2027-06-28,dev,dev,tia,Test of MM,3
fks-Test of SF-dev,2027-06-26,2027-06-28,dev,dev,fks,Test of SF,4
gwdk-Real data 2 SF-dev,2027-06-26,2027-06-28,dev,dev,gwdk,Real data 2 SF,2
gwno-CTM-dev,2027-06-28,2027-06-29,dev,dev,gwno,CTM,4
tia-Test of MM-dev,2027-06-28,2027-06-29,dev,dev,tia,Test of MM,3
fks-Test of SF-dev,2027-06-28,2027-06-29,dev,dev,fks,Test of SF,4
gwdk-Real data 2 SF-dev,2027-06-28,2027-06-29,dev,dev,gwdk,Real data 2 SF,2
gwaff-Test on SF mock-test,2027-06-28,2027-06-29,test,test,gwaff,Test on SF mock,5
gwno-CTM-dev,2027-06-29,2027-06-30,dev,dev,gwno,CTM,4
fks-Test of SF-dev,2027-06-29,2027-06-30,dev,dev,fks,Test of SF,4
gwdk-Real data 2 SF-dev,2027-06-29,2027-06-30,dev,dev,gwdk,Real data 2 SF,2
gwaff-Test on SF mock-test,2027-06-29,2027-06-30,test,test,gwaff,Test on SF mock,5
tia-Test of other marts-dev,2027-06-29,2027-06-30,dev,dev,tia,Test of other marts,3
gwno-CTM-dev,2027-06-30,2027-07-06,dev,dev,gwno,CTM,4
fks-Test of SF-dev,2027-06-30,2027-07-06,dev,dev,fks,Test of SF,4
gwdk-Real data 2 SF-dev,2027-06-30,2027-07-06,dev,dev,gwdk,Real data 2 SF,2
tia-Test of other marts-dev,2027-06-30,2027-07-06,dev,dev,tia,Test of other marts,3
gwno-CTM-dev,2027-07-06,2027-07-07,dev,dev,gwno,CTM,4
gwdk-Real data 2 SF-dev,2027-07-06,2027-07-07,dev,dev,gwdk,Real data 2 SF,2
tia-Test of other marts-dev,2027-07-06,2027-07-07,dev,dev,tia,Test of other marts,3
fks-Test of MM-dev,2027-07-06,2027-07-07,dev,dev,fks,Test of MM,2
gwno-CTM-dev,2027-07-07,2027-07-21,dev,dev,gwno,CTM,4
tia-Test of other marts-dev,2027-07-07,2027-07-21,dev,dev,tia,Test of other marts,3
fks-Test of MM-dev,2027-07-07,2027-07-21,dev,dev,fks,Test of MM,2
gwdk-Test of SF-dev,2027-07-07,2027-07-21,dev,dev,gwdk,Test of SF,5
gwno-CTM-dev,2027-07-21,2027-08-05,dev,dev,gwno,CTM,4
tia-Test of other marts-dev,2027-07-21,2027-08-05,dev,dev,tia,Test of other marts,3
fks-Test of MM-dev,2027-07-21,2027-08-05,dev,dev,fks,Test of MM,2
gwdk-Test of MM-dev,2027-07-21,2027-08-05,dev,dev,gwdk,Test of MM,2
gwno-CTM-dev,2027-08-05,2027-08-06,dev,dev,gwno,CTM,4
tia-Test of other marts-dev,2027-08-05,2027-08-06,dev,dev,tia,Test of other marts,3
fks-Test of other marts-dev,2027-08-05,2027-08-06,dev,dev,fks,Test of other marts,2
gwdk-Test of MM-dev,2027-08-05,2027-08-06,dev,dev,gwdk,Test of MM,2
gwno-CTM-dev,2027-08-06,2027-08-25,dev,dev,gwno,CTM,4
fks-Test of other marts-dev,2027-08-06,2027-08-25,dev,dev,fks,Test of other marts,2
gwdk-Test of MM-dev,2027-08-06,2027-08-25,dev,dev,gwdk,Test of MM,2
gwno-CTM-dev,2027-08-25,2027-09-04,dev,dev,gwno,CTM,4
fks-Test of other marts-dev,2027-08-25,2027-09-04,dev,dev,fks,Test of other marts,2
gwdk-Test of other marts-dev,2027-08-25,2027-09-04,dev,dev,gwdk,Test of other marts,2
gwno-CTM-dev,2027-09-04,2027-09-16,dev,dev,gwno,CTM,4
gwdk-Test of other marts-dev,2027-09-04,2027-09-16,dev,dev,gwdk,Test of other marts,2
gwno-CTM to SF-dev,2027-09-16,2027-09-23,dev,dev,gwno,CTM to SF,4
gwaff-Real data 2 SF-dev,2027-09-16,2027-09-23,dev,dev,gwaff,Real data 2 SF,2
gwdk-Test of other marts-dev,2027-09-16,2027-09-23,dev,dev,gwdk,Test of other marts,2
gwaff-Real data 2 SF-dev,2027-09-23,2027-09-25,dev,dev,gwaff,Real data 2 SF,2
gwno-Test on SF mock-test,2027-09-23,2027-09-25,test,test,gwno,Test on SF mock,5
gwdk-Test of other marts-dev,2027-09-23,2027-09-25,dev,dev,gwdk,Test of other marts,2
gwaff-Real data 2 SF-dev,2027-09-25,2027-09-27,dev,dev,gwaff,Real data 2 SF,2
gwdk-Test of other marts-dev,2027-09-25,2027-09-27,dev,dev,gwdk,Test of other marts,2
gwaff-Real data 2 SF-dev,2027-09-27,2027-09-29,dev,dev,gwaff,Real data 2 SF,2
gwno-Real data 2 SF-dev,2027-09-27,2027-09-29,dev,dev,gwno,Real data 2 SF,2
gwdk-Test of other marts-dev,2027-09-27,2027-09-29,dev,dev,gwdk,Test of other marts,2
gwaff-Real data 2 SF-dev,2027-09-29,2027-11-03,dev,dev,gwaff,Real data 2 SF,2
gwno-Real data 2 SF-dev,2027-09-29,2027-11-03,dev,dev,gwno,Real data 2 SF,2
gwaff-Test of SF-dev,2027-11-03,2027-11-12,dev,dev,gwaff,Test of SF,5
gwno-Real data 2 SF-dev,2027-11-03,2027-11-12,dev,dev,gwno,Real data 2 SF,2
kn-CTM-dev,2027-11-03,2027-11-12,dev,dev,kn,CTM,7
gwaff-Test of SF-dev,2027-11-12,2027-11-17,dev,dev,gwaff,Test of SF,5
kn-CTM-dev,2027-11-12,2027-11-17,dev,dev,kn,CTM,7
kn-CTM-dev,2027-11-17,2027-12-01,dev,dev,kn,CTM,7
gwaff-Test of MM-dev,2027-11-17,2027-12-01,dev,dev,gwaff,Test of MM,2
gwno-Test of SF-dev,2027-11-17,2027-12-01,dev,dev,gwno,Test of SF,5
kn-CTM-dev,2027-12-01,2027-12-22,dev,dev,kn,CTM,7
gwaff-Test of MM-dev,2027-12-01,2027-12-22,dev,dev,gwaff,Test of MM,2
gwno-Test of MM-dev,2027-12-01,2027-12-22,dev,dev,gwno,Test of MM,2
kn-CTM-dev,2027-12-22,2027-12-23,dev,dev,kn,CTM,7
gwaff-Test of other marts-dev,2027-12-22,2027-12-23,dev,dev,gwaff,Test of other marts,2
gwno-Test of MM-dev,2027-12-22,2027-12-23,dev,dev,gwno,Test of MM,2
kn-CTM to SF-dev,2027-12-23,2027-12-30,dev,dev,kn,CTM to SF,4
gwaff-Test of other marts-dev,2027-12-23,2027-12-30,dev,dev,gwaff,Test of other marts,2
gwno-Test of MM-dev,2027-12-23,2027-12-30,dev,dev,gwno,Test of MM,2
gwaff-Test of other marts-dev,2027-12-30,2028-01-01,dev,dev,gwaff,Test of other marts,2
gwno-Test of MM-dev,2027-12-30,2028-01-01,dev,dev,gwno,Test of MM,2
kn-Test on SF mock-test,2027-12-30,2028-01-01,test,test,kn,Test on SF mock,5
gwaff-Test of other marts-dev,2028-01-01,2028-01-03,dev,dev,gwaff,Test of other marts,2
gwno-Test of MM-dev,2028-01-01,2028-01-03,dev,dev,gwno,Test of MM,2
gwaff-Test of other marts-dev,2028-01-03,2028-01-05,dev,dev,gwaff,Test of other marts,2
gwno-Test of MM-dev,2028-01-03,2028-01-05,dev,dev,gwno,Test of MM,2
kn-Real data 2 SF-dev,2028-01-03,2028-01-05,dev,dev,kn,Real data 2 SF,2
gwaff-Test of other marts-dev,2028-01-05,2028-01-26,dev,dev,gwaff,Test of other marts,2
gwno-Test of other marts-dev,2028-01-05,2028-01-26,dev,dev,gwno,Test of other marts,2
kn-Real data 2 SF-dev,2028-01-05,2028-01-26,dev,dev,kn,Real data 2 SF,2
gwno-Test of other marts-dev,2028-01-26,2028-02-09,dev,dev,gwno,Test of other marts,2
kn-Real data 2 SF-dev,2028-01-26,2028-02-09,dev,dev,kn,Real data 2 SF,2
kn-Real data 2 SF-dev,2028-02-09,2028-02-18,dev,dev,kn,Real data 2 SF,2
kn-Test of SF-dev,2028-02-18,2028-03-03,dev,dev,kn,Test of SF,5
kn-Test of MM-dev,2028-03-03,2028-04-07,dev,dev,kn,Test of MM,2
kn-Test of other marts-dev,2028-04-07,2028-05-12,dev,dev,kn,Test of other marts,2
