Task,Start,Finish,Resource,ResourceType,System,Milestone,FTE,EffectivePersonDays
bif-CTM-Developer1,2025-11-04,2025-12-26,Developer1,dev,bif,CTM,1,22.8
bif-CTM-Developer2,2025-11-04,2025-12-26,Developer2,dev,bif,CTM,1,22.8
bif-CTM-Developer3,2025-11-04,2025-12-26,Developer3,dev,bif,CTM,1,22.8
bif-CTM-Developer4,2025-11-04,2025-12-26,Developer4,dev,bif,CTM,1,22.8
hac-T360 2 T360Next-Developer5,2025-11-04,2025-11-20,Developer5,dev,hac,T360 2 T360Next,1,7.199999999999999
hac-T360 2 T360Next-Developer6,2025-11-04,2025-11-20,Developer6,dev,hac,T360 2 T360Next,1,7.199999999999999
hac-T360 2 T360Next-Developer7,2025-11-04,2025-11-20,Developer7,dev,hac,T360 2 T360Next,1,7.199999999999999
sol-T360 2 T360Next-Developer8,2025-11-04,2025-11-20,Developer8,dev,sol,T360 2 T360Next,1,7.199999999999999
sol-T360 2 T360Next-Developer9,2025-11-04,2025-11-20,Developer9,dev,sol,T360 2 T360Next,1,7.199999999999999
sol-T360 2 T360Next-Developer10,2025-11-04,2025-11-20,Developer10,dev,sol,T360 2 T360Next,1,7.199999999999999
prosit-T360 2 T360Next-Developer11,2025-11-04,2025-11-20,Developer11,dev,prosit,T360 2 T360Next,1,7.199999999999999
prosit-T360 2 T360Next-Developer12,2025-11-04,2025-11-20,Developer12,dev,prosit,T360 2 T360Next,1,7.199999999999999
prosit-T360 2 T360Next-Developer13,2025-11-04,2025-11-20,Developer13,dev,prosit,T360 2 T360Next,1,7.199999999999999
axapta-CTM-Developer14,2026-02-02,2026-03-26,Developer14,dev,axapta,CTM,1,22.8
axapta-CTM-Developer15,2026-02-02,2026-03-26,Developer15,dev,axapta,CTM,1,22.8
axapta-CTM-Developer16,2026-02-02,2026-03-26,Developer16,dev,axapta,CTM,1,22.8
axapta-CTM-Developer17,2026-02-02,2026-03-26,Developer17,dev,axapta,CTM,1,22.8
grus-T360 2 T360Next-Developer18,2026-05-04,2026-05-20,Developer18,dev,grus,T360 2 T360Next,1,7.199999999999999
grus-T360 2 T360Next-Developer19,2026-05-04,2026-05-20,Developer19,dev,grus,T360 2 T360Next,1,7.199999999999999
grus-T360 2 T360Next-Developer20,2026-05-04,2026-05-20,Developer20,dev,grus,T360 2 T360Next,1,7.199999999999999
warranty-T360 2 T360Next-Developer21,2026-05-04,2026-05-20,Developer21,dev,warranty,T360 2 T360Next,1,7.199999999999999
warranty-T360 2 T360Next-Developer22,2026-05-04,2026-05-20,Developer22,dev,warranty,T360 2 T360Next,1,7.199999999999999
warranty-T360 2 T360Next-Developer23,2026-05-04,2026-05-20,Developer23,dev,warranty,T360 2 T360Next,1,7.199999999999999
sol-BI fac 2 T360Next-Developer5,2025-11-20,2026-01-01,Developer5,dev,sol,BI fac 2 T360Next,1,18.0
sol-BI fac 2 T360Next-Developer6,2025-11-20,2026-01-01,Developer6,dev,sol,BI fac 2 T360Next,1,18.0
prosit-BI fac 2 T360Next-Developer7,2025-11-20,2026-01-01,Developer7,dev,prosit,BI fac 2 T360Next,1,18.0
prosit-BI fac 2 T360Next-Developer8,2025-11-20,2026-01-01,Developer8,dev,prosit,BI fac 2 T360Next,1,18.0
bif-CTM to SF-Developer9,2025-12-26,2026-01-22,Developer9,dev,bif,CTM to SF,1,11.4
bif-CTM to SF-Developer10,2025-12-26,2026-01-22,Developer10,dev,bif,CTM to SF,1,11.4
bif-CTM to SF-Developer11,2025-12-26,2026-01-22,Developer11,dev,bif,CTM to SF,1,11.4
bif-CTM to SF-Developer12,2025-12-26,2026-01-22,Developer12,dev,bif,CTM to SF,1,11.4
bif-CTM to SF-Developer13,2025-12-26,2026-01-22,Developer13,dev,bif,CTM to SF,1,11.4
bif-CTM to SF-Developer1,2025-12-26,2026-01-22,Developer1,dev,bif,CTM to SF,1,11.4
bif-CTM to SF-Developer2,2025-12-26,2026-01-22,Developer2,dev,bif,CTM to SF,1,11.4
bif-CTM to SF-Developer3,2025-12-26,2026-01-22,Developer3,dev,bif,CTM to SF,1,11.4
bif-CTM to SF-Developer4,2025-12-26,2026-01-22,Developer4,dev,bif,CTM to SF,1,11.4
hac-BI fac 2 T360Next-Developer14,2026-03-26,2026-05-07,Developer14,dev,hac,BI fac 2 T360Next,1,18.0
hac-BI fac 2 T360Next-Developer15,2026-03-26,2026-05-07,Developer15,dev,hac,BI fac 2 T360Next,1,18.0
axapta-CTM to SF-Developer16,2026-05-20,2026-06-16,Developer16,dev,axapta,CTM to SF,1,11.4
axapta-CTM to SF-Developer17,2026-05-20,2026-06-16,Developer17,dev,axapta,CTM to SF,1,11.4
axapta-CTM to SF-Developer24,2026-05-20,2026-06-16,Developer24,dev,axapta,CTM to SF,1,11.4
axapta-CTM to SF-Developer25,2026-05-20,2026-06-16,Developer25,dev,axapta,CTM to SF,1,11.4
axapta-CTM to SF-Developer18,2026-05-20,2026-06-16,Developer18,dev,axapta,CTM to SF,1,11.4
axapta-CTM to SF-Developer19,2026-05-20,2026-06-16,Developer19,dev,axapta,CTM to SF,1,11.4
axapta-CTM to SF-Developer20,2026-05-20,2026-06-16,Developer20,dev,axapta,CTM to SF,1,11.4
axapta-CTM to SF-Developer21,2026-05-20,2026-06-16,Developer21,dev,axapta,CTM to SF,1,11.4
axapta-CTM to SF-Developer22,2026-05-20,2026-06-16,Developer22,dev,axapta,CTM to SF,1,11.4
warranty-BI fac 2 T360Next-Developer23,2026-05-20,2026-07-29,Developer23,dev,warranty,BI fac 2 T360Next,1,30.0
sol-Test on SF mock-Tester1,2026-05-04,2026-05-06,Tester1,test,sol,Test on SF mock,1,1.2
sol-Test on SF mock-Tester2,2026-05-04,2026-05-06,Tester2,test,sol,Test on SF mock,1,1.2
sol-Test on SF mock-Tester3,2026-05-04,2026-05-06,Tester3,test,sol,Test on SF mock,1,1.2
sol-Test on SF mock-Tester4,2026-05-04,2026-05-06,Tester4,test,sol,Test on SF mock,1,1.2
sol-Test on SF mock-Tester5,2026-05-04,2026-05-06,Tester5,test,sol,Test on SF mock,1,1.2
sol-Test on SF mock-Tester6,2026-05-04,2026-05-06,Tester6,test,sol,Test on SF mock,1,1.2
grus-BI fac 2 T360Next-Developer5,2026-05-20,2026-07-01,Developer5,dev,grus,BI fac 2 T360Next,1,18.0
grus-BI fac 2 T360Next-Developer6,2026-05-20,2026-07-01,Developer6,dev,grus,BI fac 2 T360Next,1,18.0
sol-Real data 2 SF-Developer7,2026-05-06,2026-06-23,Developer7,dev,sol,Real data 2 SF,1,20.4
prosit-Test on SF mock-Tester1,2026-05-06,2026-05-08,Tester1,test,prosit,Test on SF mock,1,1.2
prosit-Test on SF mock-Tester2,2026-05-06,2026-05-08,Tester2,test,prosit,Test on SF mock,1,1.2
prosit-Test on SF mock-Tester3,2026-05-06,2026-05-08,Tester3,test,prosit,Test on SF mock,1,1.2
prosit-Test on SF mock-Tester4,2026-05-06,2026-05-08,Tester4,test,prosit,Test on SF mock,1,1.2
prosit-Test on SF mock-Tester5,2026-05-06,2026-05-08,Tester5,test,prosit,Test on SF mock,1,1.2
prosit-Test on SF mock-Tester6,2026-05-06,2026-05-08,Tester6,test,prosit,Test on SF mock,1,1.2
sol-Test of SF-Developer8,2026-06-23,2026-07-04,Developer8,dev,sol,Test of SF,1,5.3999999999999995
sol-Test of SF-Developer1,2026-06-23,2026-07-04,Developer1,dev,sol,Test of SF,1,5.3999999999999995
sol-Test of SF-Developer2,2026-06-23,2026-07-04,Developer2,dev,sol,Test of SF,1,5.3999999999999995
sol-Test of SF-Developer3,2026-06-23,2026-07-04,Developer3,dev,sol,Test of SF,1,5.3999999999999995
prosit-Real data 2 SF-Developer4,2026-05-08,2026-06-25,Developer4,dev,prosit,Real data 2 SF,1,20.4
bif-Test on SF mock-Tester1,2026-05-08,2026-05-12,Tester1,test,bif,Test on SF mock,1,1.2
bif-Test on SF mock-Tester2,2026-05-08,2026-05-12,Tester2,test,bif,Test on SF mock,1,1.2
bif-Test on SF mock-Tester3,2026-05-08,2026-05-12,Tester3,test,bif,Test on SF mock,1,1.2
bif-Test on SF mock-Tester4,2026-05-08,2026-05-12,Tester4,test,bif,Test on SF mock,1,1.2
bif-Test on SF mock-Tester5,2026-05-08,2026-05-12,Tester5,test,bif,Test on SF mock,1,1.2
bif-Test on SF mock-Tester6,2026-05-08,2026-05-12,Tester6,test,bif,Test on SF mock,1,1.2
sol-Test of MM-Developer9,2026-07-06,2026-08-05,Developer9,dev,sol,Test of MM,1,13.2
sol-Test of MM-Developer10,2026-07-06,2026-08-05,Developer10,dev,sol,Test of MM,1,13.2
prosit-Test of SF-Developer11,2026-06-25,2026-07-08,Developer11,dev,prosit,Test of SF,1,5.3999999999999995
prosit-Test of SF-Developer12,2026-06-25,2026-07-08,Developer12,dev,prosit,Test of SF,1,5.3999999999999995
prosit-Test of SF-Developer13,2026-06-25,2026-07-08,Developer13,dev,prosit,Test of SF,1,5.3999999999999995
prosit-Test of SF-Developer14,2026-06-25,2026-07-08,Developer14,dev,prosit,Test of SF,1,5.3999999999999995
bif-Real data 2 SF-Developer15,2026-06-16,2026-08-07,Developer15,dev,bif,Real data 2 SF,1,22.8
bif-Real data 2 SF-Developer16,2026-06-16,2026-08-07,Developer16,dev,bif,Real data 2 SF,1,22.8
bif-Real data 2 SF-Developer17,2026-06-16,2026-08-07,Developer17,dev,bif,Real data 2 SF,1,22.8
bif-Real data 2 SF-Developer18,2026-06-16,2026-08-07,Developer18,dev,bif,Real data 2 SF,1,22.8
bif-Real data 2 SF-Developer19,2026-06-16,2026-08-07,Developer19,dev,bif,Real data 2 SF,1,22.8
bif-Real data 2 SF-Developer20,2026-06-16,2026-08-07,Developer20,dev,bif,Real data 2 SF,1,22.8
bif-Real data 2 SF-Developer21,2026-06-16,2026-08-07,Developer21,dev,bif,Real data 2 SF,1,22.8
bif-Real data 2 SF-Developer22,2026-06-16,2026-08-07,Developer22,dev,bif,Real data 2 SF,1,22.8
bif-Real data 2 SF-Developer24,2026-06-16,2026-08-07,Developer24,dev,bif,Real data 2 SF,1,22.8
hac-Test on SF mock-Tester1,2026-05-12,2026-05-14,Tester1,test,hac,Test on SF mock,1,1.2
hac-Test on SF mock-Tester2,2026-05-12,2026-05-14,Tester2,test,hac,Test on SF mock,1,1.2
hac-Test on SF mock-Tester3,2026-05-12,2026-05-14,Tester3,test,hac,Test on SF mock,1,1.2
hac-Test on SF mock-Tester4,2026-05-12,2026-05-14,Tester4,test,hac,Test on SF mock,1,1.2
hac-Test on SF mock-Tester5,2026-05-12,2026-05-14,Tester5,test,hac,Test on SF mock,1,1.2
hac-Test on SF mock-Tester6,2026-05-12,2026-05-14,Tester6,test,hac,Test on SF mock,1,1.2
sol-Test of other marts-Developer25,2026-08-05,2026-09-04,Developer25,dev,sol,Test of other marts,1,13.2
sol-Test of other marts-Developer7,2026-08-05,2026-09-04,Developer7,dev,sol,Test of other marts,1,13.2
prosit-Test of MM-Developer4,2026-07-08,2026-08-07,Developer4,dev,prosit,Test of MM,1,13.2
prosit-Test of MM-Developer5,2026-07-08,2026-08-07,Developer5,dev,prosit,Test of MM,1,13.2
bif-Test of SF-Developer6,2026-08-07,2026-08-21,Developer6,dev,bif,Test of SF,1,6.0
bif-Test of SF-Developer1,2026-08-07,2026-08-21,Developer1,dev,bif,Test of SF,1,6.0
bif-Test of SF-Developer2,2026-08-07,2026-08-21,Developer2,dev,bif,Test of SF,1,6.0
bif-Test of SF-Developer3,2026-08-07,2026-08-21,Developer3,dev,bif,Test of SF,1,6.0
bif-Test of SF-Developer8,2026-08-07,2026-08-21,Developer8,dev,bif,Test of SF,1,6.0
bif-Test of SF-Developer11,2026-08-07,2026-08-21,Developer11,dev,bif,Test of SF,1,6.0
bif-Test of SF-Developer12,2026-08-07,2026-08-21,Developer12,dev,bif,Test of SF,1,6.0
bif-Test of SF-Developer13,2026-08-07,2026-08-21,Developer13,dev,bif,Test of SF,1,6.0
bif-Test of SF-Developer14,2026-08-07,2026-08-21,Developer14,dev,bif,Test of SF,1,6.0
hac-Real data 2 SF-Developer23,2026-07-29,2026-09-15,Developer23,dev,hac,Real data 2 SF,1,20.4
axapta-Test on SF mock-Tester1,2026-06-16,2026-06-18,Tester1,test,axapta,Test on SF mock,1,1.2
axapta-Test on SF mock-Tester2,2026-06-16,2026-06-18,Tester2,test,axapta,Test on SF mock,1,1.2
axapta-Test on SF mock-Tester3,2026-06-16,2026-06-18,Tester3,test,axapta,Test on SF mock,1,1.2
axapta-Test on SF mock-Tester4,2026-06-16,2026-06-18,Tester4,test,axapta,Test on SF mock,1,1.2
axapta-Test on SF mock-Tester5,2026-06-16,2026-06-18,Tester5,test,axapta,Test on SF mock,1,1.2
axapta-Test on SF mock-Tester6,2026-06-16,2026-06-18,Tester6,test,axapta,Test on SF mock,1,1.2
prosit-Test of other marts-Developer9,2026-08-07,2026-09-06,Developer9,dev,prosit,Test of other marts,1,12.6
prosit-Test of other marts-Developer10,2026-08-07,2026-09-06,Developer10,dev,prosit,Test of other marts,1,12.6
bif-Test of MM-Developer4,2026-08-21,2026-09-30,Developer4,dev,bif,Test of MM,1,16.8
bif-Test of MM-Developer5,2026-08-21,2026-09-30,Developer5,dev,bif,Test of MM,1,16.8
bif-Test of MM-Developer15,2026-08-21,2026-09-30,Developer15,dev,bif,Test of MM,1,16.8
hac-Test of SF-Developer16,2026-09-15,2026-09-26,Developer16,dev,hac,Test of SF,1,5.3999999999999995
hac-Test of SF-Developer17,2026-09-15,2026-09-26,Developer17,dev,hac,Test of SF,1,5.3999999999999995
hac-Test of SF-Developer18,2026-09-15,2026-09-26,Developer18,dev,hac,Test of SF,1,5.3999999999999995
hac-Test of SF-Developer19,2026-09-15,2026-09-26,Developer19,dev,hac,Test of SF,1,5.3999999999999995
axapta-Real data 2 SF-Developer20,2026-08-21,2026-10-14,Developer20,dev,axapta,Real data 2 SF,1,22.8
axapta-Real data 2 SF-Developer21,2026-08-21,2026-10-14,Developer21,dev,axapta,Real data 2 SF,1,22.8
axapta-Real data 2 SF-Developer22,2026-08-21,2026-10-14,Developer22,dev,axapta,Real data 2 SF,1,22.8
axapta-Real data 2 SF-Developer24,2026-08-21,2026-10-14,Developer24,dev,axapta,Real data 2 SF,1,22.8
axapta-Real data 2 SF-Developer1,2026-08-21,2026-10-14,Developer1,dev,axapta,Real data 2 SF,1,22.8
axapta-Real data 2 SF-Developer2,2026-08-21,2026-10-14,Developer2,dev,axapta,Real data 2 SF,1,22.8
axapta-Real data 2 SF-Developer3,2026-08-21,2026-10-14,Developer3,dev,axapta,Real data 2 SF,1,22.8
axapta-Real data 2 SF-Developer6,2026-08-21,2026-10-14,Developer6,dev,axapta,Real data 2 SF,1,22.8
axapta-Real data 2 SF-Developer8,2026-08-21,2026-10-14,Developer8,dev,axapta,Real data 2 SF,1,22.8
warranty-Test on SF mock-Tester1,2026-07-29,2026-07-31,Tester1,test,warranty,Test on SF mock,1,1.2
warranty-Test on SF mock-Tester2,2026-07-29,2026-07-31,Tester2,test,warranty,Test on SF mock,1,1.2
warranty-Test on SF mock-Tester3,2026-07-29,2026-07-31,Tester3,test,warranty,Test on SF mock,1,1.2
warranty-Test on SF mock-Tester4,2026-07-29,2026-07-31,Tester4,test,warranty,Test on SF mock,1,1.2
warranty-Test on SF mock-Tester5,2026-07-29,2026-07-31,Tester5,test,warranty,Test on SF mock,1,1.2
warranty-Test on SF mock-Tester6,2026-07-29,2026-07-31,Tester6,test,warranty,Test on SF mock,1,1.2
motor-T360 2 T360Next-Developer11,2026-08-21,2026-09-08,Developer11,dev,motor,T360 2 T360Next,1,7.199999999999999
motor-T360 2 T360Next-Developer12,2026-08-21,2026-09-08,Developer12,dev,motor,T360 2 T360Next,1,7.199999999999999
motor-T360 2 T360Next-Developer13,2026-08-21,2026-09-08,Developer13,dev,motor,T360 2 T360Next,1,7.199999999999999
bif-Test of other marts-Developer14,2026-09-30,2026-11-07,Developer14,dev,bif,Test of other marts,1,16.8
bif-Test of other marts-Developer7,2026-09-30,2026-11-07,Developer7,dev,bif,Test of other marts,1,16.8
bif-Test of other marts-Developer25,2026-09-30,2026-11-07,Developer25,dev,bif,Test of other marts,1,16.8
hac-Test of MM-Developer9,2026-09-28,2026-10-28,Developer9,dev,hac,Test of MM,1,13.2
hac-Test of MM-Developer10,2026-09-28,2026-10-28,Developer10,dev,hac,Test of MM,1,13.2
axapta-Test of SF-Developer11,2026-10-14,2026-10-28,Developer11,dev,axapta,Test of SF,1,6.0
axapta-Test of SF-Developer12,2026-10-14,2026-10-28,Developer12,dev,axapta,Test of SF,1,6.0
axapta-Test of SF-Developer13,2026-10-14,2026-10-28,Developer13,dev,axapta,Test of SF,1,6.0
axapta-Test of SF-Developer23,2026-10-14,2026-10-28,Developer23,dev,axapta,Test of SF,1,6.0
axapta-Test of SF-Developer16,2026-10-14,2026-10-28,Developer16,dev,axapta,Test of SF,1,6.0
axapta-Test of SF-Developer17,2026-10-14,2026-10-28,Developer17,dev,axapta,Test of SF,1,6.0
axapta-Test of SF-Developer18,2026-10-14,2026-10-28,Developer18,dev,axapta,Test of SF,1,6.0
axapta-Test of SF-Developer19,2026-10-14,2026-10-28,Developer19,dev,axapta,Test of SF,1,6.0
axapta-Test of SF-Developer4,2026-10-14,2026-10-28,Developer4,dev,axapta,Test of SF,1,6.0
warranty-Real data 2 SF-Developer5,2026-09-30,2026-11-17,Developer5,dev,warranty,Real data 2 SF,1,20.4
grus-Test on SF mock-Tester1,2026-07-31,2026-08-04,Tester1,test,grus,Test on SF mock,1,1.2
grus-Test on SF mock-Tester2,2026-07-31,2026-08-04,Tester2,test,grus,Test on SF mock,1,1.2
grus-Test on SF mock-Tester3,2026-07-31,2026-08-04,Tester3,test,grus,Test on SF mock,1,1.2
grus-Test on SF mock-Tester4,2026-07-31,2026-08-04,Tester4,test,grus,Test on SF mock,1,1.2
grus-Test on SF mock-Tester5,2026-07-31,2026-08-04,Tester5,test,grus,Test on SF mock,1,1.2
grus-Test on SF mock-Tester6,2026-07-31,2026-08-04,Tester6,test,grus,Test on SF mock,1,1.2
motor-BI fac 2 T360Next-Developer15,2026-10-14,2026-11-25,Developer15,dev,motor,BI fac 2 T360Next,1,18.0
motor-BI fac 2 T360Next-Developer1,2026-10-14,2026-11-25,Developer1,dev,motor,BI fac 2 T360Next,1,18.0
gwse-T360 2 T360Next-Developer2,2026-10-14,2026-10-30,Developer2,dev,gwse,T360 2 T360Next,1,7.199999999999999
gwse-T360 2 T360Next-Developer3,2026-10-14,2026-10-30,Developer3,dev,gwse,T360 2 T360Next,1,7.199999999999999
gwse-T360 2 T360Next-Developer6,2026-10-14,2026-10-30,Developer6,dev,gwse,T360 2 T360Next,1,7.199999999999999
hac-Test of other marts-Developer8,2026-10-28,2026-11-27,Developer8,dev,hac,Test of other marts,1,13.2
hac-Test of other marts-Developer20,2026-10-28,2026-11-27,Developer20,dev,hac,Test of other marts,1,13.2
axapta-Test of MM-Developer21,2026-10-28,2026-12-05,Developer21,dev,axapta,Test of MM,1,16.8
axapta-Test of MM-Developer22,2026-10-28,2026-12-05,Developer22,dev,axapta,Test of MM,1,16.8
axapta-Test of MM-Developer24,2026-10-28,2026-12-05,Developer24,dev,axapta,Test of MM,1,16.8
warranty-Test of SF-Developer4,2026-11-17,2026-11-28,Developer4,dev,warranty,Test of SF,1,5.3999999999999995
warranty-Test of SF-Developer9,2026-11-17,2026-11-28,Developer9,dev,warranty,Test of SF,1,5.3999999999999995
warranty-Test of SF-Developer10,2026-11-17,2026-11-28,Developer10,dev,warranty,Test of SF,1,5.3999999999999995
warranty-Test of SF-Developer11,2026-11-17,2026-11-28,Developer11,dev,warranty,Test of SF,1,5.3999999999999995
grus-Real data 2 SF-Developer12,2026-10-28,2026-12-15,Developer12,dev,grus,Real data 2 SF,1,20.4
motor-Test on SF mock-Tester1,2026-11-25,2026-11-27,Tester1,test,motor,Test on SF mock,1,1.2
motor-Test on SF mock-Tester2,2026-11-25,2026-11-27,Tester2,test,motor,Test on SF mock,1,1.2
motor-Test on SF mock-Tester3,2026-11-25,2026-11-27,Tester3,test,motor,Test on SF mock,1,1.2
motor-Test on SF mock-Tester4,2026-11-25,2026-11-27,Tester4,test,motor,Test on SF mock,1,1.2
motor-Test on SF mock-Tester5,2026-11-25,2026-11-27,Tester5,test,motor,Test on SF mock,1,1.2
motor-Test on SF mock-Tester6,2026-11-25,2026-11-27,Tester6,test,motor,Test on SF mock,1,1.2
gwse-BI fac 2 T360Next-Developer13,2026-10-30,2026-12-11,Developer13,dev,gwse,BI fac 2 T360Next,1,18.0
gwse-BI fac 2 T360Next-Developer16,2026-10-30,2026-12-11,Developer16,dev,gwse,BI fac 2 T360Next,1,18.0
clan-T360 2 T360Next-Developer17,2026-10-28,2026-11-13,Developer17,dev,clan,T360 2 T360Next,1,7.199999999999999
clan-T360 2 T360Next-Developer18,2026-10-28,2026-11-13,Developer18,dev,clan,T360 2 T360Next,1,7.199999999999999
clan-T360 2 T360Next-Developer19,2026-10-28,2026-11-13,Developer19,dev,clan,T360 2 T360Next,1,7.199999999999999
axapta-Test of other marts-Developer23,2026-12-07,2027-01-14,Developer23,dev,axapta,Test of other marts,1,16.8
axapta-Test of other marts-Developer2,2026-12-07,2027-01-14,Developer2,dev,axapta,Test of other marts,1,16.8
axapta-Test of other marts-Developer3,2026-12-07,2027-01-14,Developer3,dev,axapta,Test of other marts,1,16.8
warranty-Test of MM-Developer6,2026-11-30,2026-12-30,Developer6,dev,warranty,Test of MM,1,13.2
warranty-Test of MM-Developer7,2026-11-30,2026-12-30,Developer7,dev,warranty,Test of MM,1,13.2
grus-Test of SF-Developer14,2026-12-15,2026-12-26,Developer14,dev,grus,Test of SF,1,5.3999999999999995
grus-Test of SF-Developer25,2026-12-15,2026-12-26,Developer25,dev,grus,Test of SF,1,5.3999999999999995
grus-Test of SF-Developer17,2026-12-15,2026-12-26,Developer17,dev,grus,Test of SF,1,5.3999999999999995
grus-Test of SF-Developer18,2026-12-15,2026-12-26,Developer18,dev,grus,Test of SF,1,5.3999999999999995
motor-Real data 2 SF-Developer19,2026-11-27,2027-01-14,Developer19,dev,motor,Real data 2 SF,1,20.4
gwse-Test on SF mock-Tester1,2026-12-11,2026-12-15,Tester1,test,gwse,Test on SF mock,1,1.2
gwse-Test on SF mock-Tester2,2026-12-11,2026-12-15,Tester2,test,gwse,Test on SF mock,1,1.2
gwse-Test on SF mock-Tester3,2026-12-11,2026-12-15,Tester3,test,gwse,Test on SF mock,1,1.2
gwse-Test on SF mock-Tester4,2026-12-11,2026-12-15,Tester4,test,gwse,Test on SF mock,1,1.2
gwse-Test on SF mock-Tester5,2026-12-11,2026-12-15,Tester5,test,gwse,Test on SF mock,1,1.2
gwse-Test on SF mock-Tester6,2026-12-11,2026-12-15,Tester6,test,gwse,Test on SF mock,1,1.2
clan-BI fac 2 T360Next-Developer5,2026-11-25,2027-01-06,Developer5,dev,clan,BI fac 2 T360Next,1,18.0
clan-BI fac 2 T360Next-Developer1,2026-11-25,2027-01-06,Developer1,dev,clan,BI fac 2 T360Next,1,18.0
tosca-CTM-Developer15,2026-11-30,2027-01-21,Developer15,dev,tosca,CTM,1,22.8
tosca-CTM-Developer8,2026-11-30,2027-01-21,Developer8,dev,tosca,CTM,1,22.8
tosca-CTM-Developer20,2026-11-30,2027-01-21,Developer20,dev,tosca,CTM,1,22.8
tosca-CTM-Developer4,2026-11-30,2027-01-21,Developer4,dev,tosca,CTM,1,22.8
warranty-Test of other marts-Developer9,2026-12-30,2027-01-29,Developer9,dev,warranty,Test of other marts,1,13.2
warranty-Test of other marts-Developer10,2026-12-30,2027-01-29,Developer10,dev,warranty,Test of other marts,1,13.2
grus-Test of MM-Developer11,2026-12-28,2027-01-27,Developer11,dev,grus,Test of MM,1,13.2
grus-Test of MM-Developer21,2026-12-28,2027-01-27,Developer21,dev,grus,Test of MM,1,13.2
motor-Test of SF-Developer22,2027-01-14,2027-01-27,Developer22,dev,motor,Test of SF,1,5.3999999999999995
motor-Test of SF-Developer24,2027-01-14,2027-01-27,Developer24,dev,motor,Test of SF,1,5.3999999999999995
motor-Test of SF-Developer13,2027-01-14,2027-01-27,Developer13,dev,motor,Test of SF,1,5.3999999999999995
motor-Test of SF-Developer16,2027-01-14,2027-01-27,Developer16,dev,motor,Test of SF,1,5.3999999999999995
gwse-Real data 2 SF-Developer12,2026-12-15,2027-01-30,Developer12,dev,gwse,Real data 2 SF,1,20.4
clan-Test on SF mock-Tester1,2027-01-06,2027-01-08,Tester1,test,clan,Test on SF mock,1,1.2
clan-Test on SF mock-Tester2,2027-01-06,2027-01-08,Tester2,test,clan,Test on SF mock,1,1.2
clan-Test on SF mock-Tester3,2027-01-06,2027-01-08,Tester3,test,clan,Test on SF mock,1,1.2
clan-Test on SF mock-Tester4,2027-01-06,2027-01-08,Tester4,test,clan,Test on SF mock,1,1.2
clan-Test on SF mock-Tester5,2027-01-06,2027-01-08,Tester5,test,clan,Test on SF mock,1,1.2
clan-Test on SF mock-Tester6,2027-01-06,2027-01-08,Tester6,test,clan,Test on SF mock,1,1.2
tosca-CTM to SF-Developer14,2027-01-21,2027-02-17,Developer14,dev,tosca,CTM to SF,1,11.4
tosca-CTM to SF-Developer17,2027-01-21,2027-02-17,Developer17,dev,tosca,CTM to SF,1,11.4
tosca-CTM to SF-Developer18,2027-01-21,2027-02-17,Developer18,dev,tosca,CTM to SF,1,11.4
tosca-CTM to SF-Developer25,2027-01-21,2027-02-17,Developer25,dev,tosca,CTM to SF,1,11.4
tosca-CTM to SF-Developer6,2027-01-21,2027-02-17,Developer6,dev,tosca,CTM to SF,1,11.4
tosca-CTM to SF-Developer7,2027-01-21,2027-02-17,Developer7,dev,tosca,CTM to SF,1,11.4
tosca-CTM to SF-Developer1,2027-01-21,2027-02-17,Developer1,dev,tosca,CTM to SF,1,11.4
tosca-CTM to SF-Developer5,2027-01-21,2027-02-17,Developer5,dev,tosca,CTM to SF,1,11.4
tosca-CTM to SF-Developer2,2027-01-21,2027-02-17,Developer2,dev,tosca,CTM to SF,1,11.4
mdb-T360 2 T360Next-Developer3,2027-01-14,2027-01-30,Developer3,dev,mdb,T360 2 T360Next,1,7.199999999999999
mdb-T360 2 T360Next-Developer19,2027-01-14,2027-01-30,Developer19,dev,mdb,T360 2 T360Next,1,7.199999999999999
mdb-T360 2 T360Next-Developer23,2027-01-14,2027-01-30,Developer23,dev,mdb,T360 2 T360Next,1,7.199999999999999
grus-Test of other marts-Developer4,2027-01-27,2027-02-26,Developer4,dev,grus,Test of other marts,1,13.2
grus-Test of other marts-Developer8,2027-01-27,2027-02-26,Developer8,dev,grus,Test of other marts,1,13.2
motor-Test of MM-Developer15,2027-01-27,2027-02-26,Developer15,dev,motor,Test of MM,1,13.2
motor-Test of MM-Developer20,2027-01-27,2027-02-26,Developer20,dev,motor,Test of MM,1,13.2
gwse-Test of SF-Developer11,2027-02-01,2027-02-12,Developer11,dev,gwse,Test of SF,1,5.3999999999999995
gwse-Test of SF-Developer13,2027-02-01,2027-02-12,Developer13,dev,gwse,Test of SF,1,5.3999999999999995
gwse-Test of SF-Developer16,2027-02-01,2027-02-12,Developer16,dev,gwse,Test of SF,1,5.3999999999999995
gwse-Test of SF-Developer21,2027-02-01,2027-02-12,Developer21,dev,gwse,Test of SF,1,5.3999999999999995
clan-Real data 2 SF-Developer22,2027-01-27,2027-03-16,Developer22,dev,clan,Real data 2 SF,1,20.4
tosca-Test on SF mock-Tester1,2027-02-17,2027-02-19,Tester1,test,tosca,Test on SF mock,1,1.2
tosca-Test on SF mock-Tester2,2027-02-17,2027-02-19,Tester2,test,tosca,Test on SF mock,1,1.2
tosca-Test on SF mock-Tester3,2027-02-17,2027-02-19,Tester3,test,tosca,Test on SF mock,1,1.2
tosca-Test on SF mock-Tester4,2027-02-17,2027-02-19,Tester4,test,tosca,Test on SF mock,1,1.2
tosca-Test on SF mock-Tester5,2027-02-17,2027-02-19,Tester5,test,tosca,Test on SF mock,1,1.2
tosca-Test on SF mock-Tester6,2027-02-17,2027-02-19,Tester6,test,tosca,Test on SF mock,1,1.2
mdb-BI fac 2 T360Next-Developer24,2027-02-01,2027-03-15,Developer24,dev,mdb,BI fac 2 T360Next,1,18.0
mdb-BI fac 2 T360Next-Developer9,2027-02-01,2027-03-15,Developer9,dev,mdb,BI fac 2 T360Next,1,18.0
tia-T360 2 T360Next-Developer10,2027-02-01,2027-02-20,Developer10,dev,tia,T360 2 T360Next,1,9.0
tia-T360 2 T360Next-Developer3,2027-02-01,2027-02-20,Developer3,dev,tia,T360 2 T360Next,1,9.0
tia-T360 2 T360Next-Developer12,2027-02-01,2027-02-20,Developer12,dev,tia,T360 2 T360Next,1,9.0
tia-T360 2 T360Next-Developer19,2027-02-01,2027-02-20,Developer19,dev,tia,T360 2 T360Next,1,9.0
tia-T360 2 T360Next-Developer23,2027-02-01,2027-02-20,Developer23,dev,tia,T360 2 T360Next,1,9.0
motor-Test of other marts-Developer11,2027-02-26,2027-03-28,Developer11,dev,motor,Test of other marts,1,12.6
motor-Test of other marts-Developer13,2027-02-26,2027-03-28,Developer13,dev,motor,Test of other marts,1,12.6
gwse-Test of MM-Developer16,2027-02-12,2027-03-14,Developer16,dev,gwse,Test of MM,1,12.6
gwse-Test of MM-Developer21,2027-02-12,2027-03-14,Developer21,dev,gwse,Test of MM,1,12.6
clan-Test of SF-Developer1,2027-03-16,2027-03-27,Developer1,dev,clan,Test of SF,1,5.3999999999999995
clan-Test of SF-Developer2,2027-03-16,2027-03-27,Developer2,dev,clan,Test of SF,1,5.3999999999999995
clan-Test of SF-Developer5,2027-03-16,2027-03-27,Developer5,dev,clan,Test of SF,1,5.3999999999999995
clan-Test of SF-Developer6,2027-03-16,2027-03-27,Developer6,dev,clan,Test of SF,1,5.3999999999999995
tosca-Real data 2 SF-Developer7,2027-02-22,2027-04-15,Developer7,dev,tosca,Real data 2 SF,1,22.8
tosca-Real data 2 SF-Developer14,2027-02-22,2027-04-15,Developer14,dev,tosca,Real data 2 SF,1,22.8
tosca-Real data 2 SF-Developer17,2027-02-22,2027-04-15,Developer17,dev,tosca,Real data 2 SF,1,22.8
tosca-Real data 2 SF-Developer18,2027-02-22,2027-04-15,Developer18,dev,tosca,Real data 2 SF,1,22.8
tosca-Real data 2 SF-Developer25,2027-02-22,2027-04-15,Developer25,dev,tosca,Real data 2 SF,1,22.8
tosca-Real data 2 SF-Developer3,2027-02-22,2027-04-15,Developer3,dev,tosca,Real data 2 SF,1,22.8
tosca-Real data 2 SF-Developer10,2027-02-22,2027-04-15,Developer10,dev,tosca,Real data 2 SF,1,22.8
tosca-Real data 2 SF-Developer12,2027-02-22,2027-04-15,Developer12,dev,tosca,Real data 2 SF,1,22.8
tosca-Real data 2 SF-Developer19,2027-02-22,2027-04-15,Developer19,dev,tosca,Real data 2 SF,1,22.8
mdb-Test on SF mock-Tester1,2027-03-15,2027-03-17,Tester1,test,mdb,Test on SF mock,1,1.2
mdb-Test on SF mock-Tester2,2027-03-15,2027-03-17,Tester2,test,mdb,Test on SF mock,1,1.2
mdb-Test on SF mock-Tester3,2027-03-15,2027-03-17,Tester3,test,mdb,Test on SF mock,1,1.2
mdb-Test on SF mock-Tester4,2027-03-15,2027-03-17,Tester4,test,mdb,Test on SF mock,1,1.2
mdb-Test on SF mock-Tester5,2027-03-15,2027-03-17,Tester5,test,mdb,Test on SF mock,1,1.2
mdb-Test on SF mock-Tester6,2027-03-15,2027-03-17,Tester6,test,mdb,Test on SF mock,1,1.2
tia-BI fac 2 T360Next-Developer23,2027-02-26,2027-04-27,Developer23,dev,tia,BI fac 2 T360Next,1,25.2
tia-BI fac 2 T360Next-Developer4,2027-02-26,2027-04-27,Developer4,dev,tia,BI fac 2 T360Next,1,25.2
tia-BI fac 2 T360Next-Developer8,2027-02-26,2027-04-27,Developer8,dev,tia,BI fac 2 T360Next,1,25.2
tia-BI fac 2 T360Next-Developer15,2027-02-26,2027-04-27,Developer15,dev,tia,BI fac 2 T360Next,1,25.2
fks-T360 2 T360Next-Developer20,2027-03-15,2027-03-31,Developer20,dev,fks,T360 2 T360Next,1,7.199999999999999
fks-T360 2 T360Next-Developer9,2027-03-15,2027-03-31,Developer9,dev,fks,T360 2 T360Next,1,7.199999999999999
fks-T360 2 T360Next-Developer24,2027-03-15,2027-03-31,Developer24,dev,fks,T360 2 T360Next,1,7.199999999999999
gwse-Test of other marts-Developer16,2027-03-15,2027-04-14,Developer16,dev,gwse,Test of other marts,1,13.2
gwse-Test of other marts-Developer21,2027-03-15,2027-04-14,Developer21,dev,gwse,Test of other marts,1,13.2
clan-Test of MM-Developer22,2027-03-29,2027-04-28,Developer22,dev,clan,Test of MM,1,13.2
clan-Test of MM-Developer1,2027-03-29,2027-04-28,Developer1,dev,clan,Test of MM,1,13.2
tosca-Test of SF-Developer2,2027-04-15,2027-04-29,Developer2,dev,tosca,Test of SF,1,6.0
tosca-Test of SF-Developer5,2027-04-15,2027-04-29,Developer5,dev,tosca,Test of SF,1,6.0
tosca-Test of SF-Developer6,2027-04-15,2027-04-29,Developer6,dev,tosca,Test of SF,1,6.0
tosca-Test of SF-Developer11,2027-04-15,2027-04-29,Developer11,dev,tosca,Test of SF,1,6.0
tosca-Test of SF-Developer13,2027-04-15,2027-04-29,Developer13,dev,tosca,Test of SF,1,6.0
tosca-Test of SF-Developer9,2027-04-15,2027-04-29,Developer9,dev,tosca,Test of SF,1,6.0
tosca-Test of SF-Developer20,2027-04-15,2027-04-29,Developer20,dev,tosca,Test of SF,1,6.0
tosca-Test of SF-Developer24,2027-04-15,2027-04-29,Developer24,dev,tosca,Test of SF,1,6.0
tosca-Test of SF-Developer3,2027-04-15,2027-04-29,Developer3,dev,tosca,Test of SF,1,6.0
mdb-Real data 2 SF-Developer7,2027-04-15,2027-06-02,Developer7,dev,mdb,Real data 2 SF,1,20.4
tia-Test on SF mock-Tester1,2027-04-27,2027-04-29,Tester1,test,tia,Test on SF mock,1,1.2
tia-Test on SF mock-Tester2,2027-04-27,2027-04-29,Tester2,test,tia,Test on SF mock,1,1.2
tia-Test on SF mock-Tester3,2027-04-27,2027-04-29,Tester3,test,tia,Test on SF mock,1,1.2
tia-Test on SF mock-Tester4,2027-04-27,2027-04-29,Tester4,test,tia,Test on SF mock,1,1.2
tia-Test on SF mock-Tester5,2027-04-27,2027-04-29,Tester5,test,tia,Test on SF mock,1,1.2
tia-Test on SF mock-Tester6,2027-04-27,2027-04-29,Tester6,test,tia,Test on SF mock,1,1.2
fks-BI fac 2 T360Next-Developer10,2027-04-15,2027-05-27,Developer10,dev,fks,BI fac 2 T360Next,1,18.0
fks-BI fac 2 T360Next-Developer12,2027-04-15,2027-05-27,Developer12,dev,fks,BI fac 2 T360Next,1,18.0
gwdk-CTM-Developer14,2027-04-27,2027-06-04,Developer14,dev,gwdk,CTM,1,16.8
gwdk-CTM-Developer17,2027-04-27,2027-06-04,Developer17,dev,gwdk,CTM,1,16.8
gwdk-CTM-Developer18,2027-04-27,2027-06-04,Developer18,dev,gwdk,CTM,1,16.8
gwdk-CTM-Developer19,2027-04-27,2027-06-04,Developer19,dev,gwdk,CTM,1,16.8
gwdk-CTM-Developer25,2027-04-27,2027-06-04,Developer25,dev,gwdk,CTM,1,16.8
gwdk-CTM-Developer4,2027-04-27,2027-06-04,Developer4,dev,gwdk,CTM,1,16.8
gwdk-CTM-Developer8,2027-04-27,2027-06-04,Developer8,dev,gwdk,CTM,1,16.8
gwdk-CTM-Developer15,2027-04-27,2027-06-04,Developer15,dev,gwdk,CTM,1,16.8
gwdk-CTM-Developer23,2027-04-27,2027-06-04,Developer23,dev,gwdk,CTM,1,16.8
clan-Test of other marts-Developer16,2027-04-28,2027-05-28,Developer16,dev,clan,Test of other marts,1,13.2
clan-Test of other marts-Developer21,2027-04-28,2027-05-28,Developer21,dev,clan,Test of other marts,1,13.2
tosca-Test of MM-Developer1,2027-04-29,2027-06-08,Developer1,dev,tosca,Test of MM,1,16.8
tosca-Test of MM-Developer22,2027-04-29,2027-06-08,Developer22,dev,tosca,Test of MM,1,16.8
tosca-Test of MM-Developer2,2027-04-29,2027-06-08,Developer2,dev,tosca,Test of MM,1,16.8
mdb-Test of SF-Developer3,2027-06-02,2027-06-15,Developer3,dev,mdb,Test of SF,1,5.3999999999999995
mdb-Test of SF-Developer5,2027-06-02,2027-06-15,Developer5,dev,mdb,Test of SF,1,5.3999999999999995
mdb-Test of SF-Developer6,2027-06-02,2027-06-15,Developer6,dev,mdb,Test of SF,1,5.3999999999999995
mdb-Test of SF-Developer9,2027-06-02,2027-06-15,Developer9,dev,mdb,Test of SF,1,5.3999999999999995
tia-Real data 2 SF-Developer11,2027-04-29,2027-06-16,Developer11,dev,tia,Real data 2 SF,1,20.4
tia-Real data 2 SF-Developer13,2027-04-29,2027-06-16,Developer13,dev,tia,Real data 2 SF,1,20.4
fks-Test on SF mock-Tester1,2027-05-27,2027-05-29,Tester1,test,fks,Test on SF mock,1,1.2
fks-Test on SF mock-Tester2,2027-05-27,2027-05-29,Tester2,test,fks,Test on SF mock,1,1.2
fks-Test on SF mock-Tester3,2027-05-27,2027-05-29,Tester3,test,fks,Test on SF mock,1,1.2
fks-Test on SF mock-Tester4,2027-05-27,2027-05-29,Tester4,test,fks,Test on SF mock,1,1.2
fks-Test on SF mock-Tester5,2027-05-27,2027-05-29,Tester5,test,fks,Test on SF mock,1,1.2
fks-Test on SF mock-Tester6,2027-05-27,2027-05-29,Tester6,test,fks,Test on SF mock,1,1.2
gwdk-CTM to SF-Developer20,2027-06-04,2027-06-11,Developer20,dev,gwdk,CTM to SF,1,3.0
gwdk-CTM to SF-Developer24,2027-06-04,2027-06-11,Developer24,dev,gwdk,CTM to SF,1,3.0
gwdk-CTM to SF-Developer10,2027-06-04,2027-06-11,Developer10,dev,gwdk,CTM to SF,1,3.0
gwdk-CTM to SF-Developer12,2027-06-04,2027-06-11,Developer12,dev,gwdk,CTM to SF,1,3.0
gwaff-CTM-Developer7,2027-06-04,2027-07-30,Developer7,dev,gwaff,CTM,1,24.0
gwaff-CTM-Developer4,2027-06-04,2027-07-30,Developer4,dev,gwaff,CTM,1,24.0
gwaff-CTM-Developer8,2027-06-04,2027-07-30,Developer8,dev,gwaff,CTM,1,24.0
gwaff-CTM-Developer14,2027-06-04,2027-07-30,Developer14,dev,gwaff,CTM,1,24.0
gwaff-CTM-Developer15,2027-06-04,2027-07-30,Developer15,dev,gwaff,CTM,1,24.0
gwaff-CTM-Developer17,2027-06-04,2027-07-30,Developer17,dev,gwaff,CTM,1,24.0
gwaff-CTM-Developer18,2027-06-04,2027-07-30,Developer18,dev,gwaff,CTM,1,24.0
gwaff-CTM-Developer19,2027-06-04,2027-07-30,Developer19,dev,gwaff,CTM,1,24.0
tosca-Test of other marts-Developer16,2027-06-08,2027-07-16,Developer16,dev,tosca,Test of other marts,1,16.8
tosca-Test of other marts-Developer21,2027-06-08,2027-07-16,Developer21,dev,tosca,Test of other marts,1,16.8
tosca-Test of other marts-Developer23,2027-06-08,2027-07-16,Developer23,dev,tosca,Test of other marts,1,16.8
mdb-Test of MM-Developer25,2027-06-15,2027-07-15,Developer25,dev,mdb,Test of MM,1,13.2
mdb-Test of MM-Developer1,2027-06-15,2027-07-15,Developer1,dev,mdb,Test of MM,1,13.2
tia-Test of SF-Developer2,2027-06-16,2027-06-30,Developer2,dev,tia,Test of SF,1,6.0
tia-Test of SF-Developer22,2027-06-16,2027-06-30,Developer22,dev,tia,Test of SF,1,6.0
tia-Test of SF-Developer10,2027-06-16,2027-06-30,Developer10,dev,tia,Test of SF,1,6.0
tia-Test of SF-Developer12,2027-06-16,2027-06-30,Developer12,dev,tia,Test of SF,1,6.0
tia-Test of SF-Developer20,2027-06-16,2027-06-30,Developer20,dev,tia,Test of SF,1,6.0
tia-Test of SF-Developer24,2027-06-16,2027-06-30,Developer24,dev,tia,Test of SF,1,6.0
tia-Test of SF-Developer3,2027-06-16,2027-06-30,Developer3,dev,tia,Test of SF,1,6.0
tia-Test of SF-Developer5,2027-06-16,2027-06-30,Developer5,dev,tia,Test of SF,1,6.0
tia-Test of SF-Developer6,2027-06-16,2027-06-30,Developer6,dev,tia,Test of SF,1,6.0
fks-Real data 2 SF-Developer9,2027-06-15,2027-07-31,Developer9,dev,fks,Real data 2 SF,1,20.4
gwdk-Test on SF mock-Tester1,2027-06-11,2027-06-15,Tester1,test,gwdk,Test on SF mock,1,1.2
gwdk-Test on SF mock-Tester2,2027-06-11,2027-06-15,Tester2,test,gwdk,Test on SF mock,1,1.2
gwdk-Test on SF mock-Tester3,2027-06-11,2027-06-15,Tester3,test,gwdk,Test on SF mock,1,1.2
gwdk-Test on SF mock-Tester4,2027-06-11,2027-06-15,Tester4,test,gwdk,Test on SF mock,1,1.2
gwdk-Test on SF mock-Tester5,2027-06-11,2027-06-15,Tester5,test,gwdk,Test on SF mock,1,1.2
gwdk-Test on SF mock-Tester6,2027-06-11,2027-06-15,Tester6,test,gwdk,Test on SF mock,1,1.2
gwaff-CTM to SF-Developer11,2027-07-30,2027-08-06,Developer11,dev,gwaff,CTM to SF,1,3.0
gwaff-CTM to SF-Developer13,2027-07-30,2027-08-06,Developer13,dev,gwaff,CTM to SF,1,3.0
gwaff-CTM to SF-Developer4,2027-07-30,2027-08-06,Developer4,dev,gwaff,CTM to SF,1,3.0
gwaff-CTM to SF-Developer7,2027-07-30,2027-08-06,Developer7,dev,gwaff,CTM to SF,1,3.0
pms-CTM-Developer8,2027-07-30,2027-09-22,Developer8,dev,pms,CTM,1,22.8
pms-CTM-Developer14,2027-07-30,2027-09-22,Developer14,dev,pms,CTM,1,22.8
pms-CTM-Developer15,2027-07-30,2027-09-22,Developer15,dev,pms,CTM,1,22.8
pms-CTM-Developer17,2027-07-30,2027-09-22,Developer17,dev,pms,CTM,1,22.8
mdb-Test of other marts-Developer2,2027-07-15,2027-08-14,Developer2,dev,mdb,Test of other marts,1,13.2
mdb-Test of other marts-Developer3,2027-07-15,2027-08-14,Developer3,dev,mdb,Test of other marts,1,13.2
tia-Test of MM-Developer5,2027-06-30,2027-08-07,Developer5,dev,tia,Test of MM,1,16.8
tia-Test of MM-Developer6,2027-06-30,2027-08-07,Developer6,dev,tia,Test of MM,1,16.8
tia-Test of MM-Developer10,2027-06-30,2027-08-07,Developer10,dev,tia,Test of MM,1,16.8
fks-Test of SF-Developer12,2027-08-02,2027-08-13,Developer12,dev,fks,Test of SF,1,5.3999999999999995
fks-Test of SF-Developer20,2027-08-02,2027-08-13,Developer20,dev,fks,Test of SF,1,5.3999999999999995
fks-Test of SF-Developer22,2027-08-02,2027-08-13,Developer22,dev,fks,Test of SF,1,5.3999999999999995
fks-Test of SF-Developer24,2027-08-02,2027-08-13,Developer24,dev,fks,Test of SF,1,5.3999999999999995
gwdk-Real data 2 SF-Developer1,2027-07-15,2027-09-01,Developer1,dev,gwdk,Real data 2 SF,1,20.4
gwdk-Real data 2 SF-Developer25,2027-07-15,2027-09-01,Developer25,dev,gwdk,Real data 2 SF,1,20.4
gwaff-Test on SF mock-Tester1,2027-08-06,2027-08-10,Tester1,test,gwaff,Test on SF mock,1,1.2
gwaff-Test on SF mock-Tester2,2027-08-06,2027-08-10,Tester2,test,gwaff,Test on SF mock,1,1.2
gwaff-Test on SF mock-Tester3,2027-08-06,2027-08-10,Tester3,test,gwaff,Test on SF mock,1,1.2
gwaff-Test on SF mock-Tester4,2027-08-06,2027-08-10,Tester4,test,gwaff,Test on SF mock,1,1.2
gwaff-Test on SF mock-Tester5,2027-08-06,2027-08-10,Tester5,test,gwaff,Test on SF mock,1,1.2
gwaff-Test on SF mock-Tester6,2027-08-06,2027-08-10,Tester6,test,gwaff,Test on SF mock,1,1.2
pms-CTM to SF-Developer16,2027-09-22,2027-10-19,Developer16,dev,pms,CTM to SF,1,11.4
pms-CTM to SF-Developer21,2027-09-22,2027-10-19,Developer21,dev,pms,CTM to SF,1,11.4
pms-CTM to SF-Developer23,2027-09-22,2027-10-19,Developer23,dev,pms,CTM to SF,1,11.4
pms-CTM to SF-Developer18,2027-09-22,2027-10-19,Developer18,dev,pms,CTM to SF,1,11.4
pms-CTM to SF-Developer19,2027-09-22,2027-10-19,Developer19,dev,pms,CTM to SF,1,11.4
pms-CTM to SF-Developer9,2027-09-22,2027-10-19,Developer9,dev,pms,CTM to SF,1,11.4
pms-CTM to SF-Developer4,2027-09-22,2027-10-19,Developer4,dev,pms,CTM to SF,1,11.4
pms-CTM to SF-Developer7,2027-09-22,2027-10-19,Developer7,dev,pms,CTM to SF,1,11.4
pms-CTM to SF-Developer11,2027-09-22,2027-10-19,Developer11,dev,pms,CTM to SF,1,11.4
gwno-CTM-Developer13,2027-09-22,2027-12-01,Developer13,dev,gwno,CTM,1,30.0
gwno-CTM-Developer8,2027-09-22,2027-12-01,Developer8,dev,gwno,CTM,1,30.0
gwno-CTM-Developer14,2027-09-22,2027-12-01,Developer14,dev,gwno,CTM,1,30.0
gwno-CTM-Developer15,2027-09-22,2027-12-01,Developer15,dev,gwno,CTM,1,30.0
gwno-CTM-Developer17,2027-09-22,2027-12-01,Developer17,dev,gwno,CTM,1,30.0
tia-Test of other marts-Developer5,2027-08-09,2027-09-16,Developer5,dev,tia,Test of other marts,1,16.8
tia-Test of other marts-Developer6,2027-08-09,2027-09-16,Developer6,dev,tia,Test of other marts,1,16.8
tia-Test of other marts-Developer10,2027-08-09,2027-09-16,Developer10,dev,tia,Test of other marts,1,16.8
fks-Test of MM-Developer12,2027-08-13,2027-09-12,Developer12,dev,fks,Test of MM,1,12.6
fks-Test of MM-Developer20,2027-08-13,2027-09-12,Developer20,dev,fks,Test of MM,1,12.6
gwdk-Test of SF-Developer22,2027-09-01,2027-09-15,Developer22,dev,gwdk,Test of SF,1,6.0
gwdk-Test of SF-Developer24,2027-09-01,2027-09-15,Developer24,dev,gwdk,Test of SF,1,6.0
gwdk-Test of SF-Developer2,2027-09-01,2027-09-15,Developer2,dev,gwdk,Test of SF,1,6.0
gwdk-Test of SF-Developer3,2027-09-01,2027-09-15,Developer3,dev,gwdk,Test of SF,1,6.0
gwdk-Test of SF-Developer1,2027-09-01,2027-09-15,Developer1,dev,gwdk,Test of SF,1,6.0
gwaff-Real data 2 SF-Developer25,2027-10-19,2027-12-04,Developer25,dev,gwaff,Real data 2 SF,1,20.4
gwaff-Real data 2 SF-Developer4,2027-10-19,2027-12-04,Developer4,dev,gwaff,Real data 2 SF,1,20.4
pms-Test on SF mock-Tester1,2027-10-19,2027-10-21,Tester1,test,pms,Test on SF mock,1,1.2
pms-Test on SF mock-Tester2,2027-10-19,2027-10-21,Tester2,test,pms,Test on SF mock,1,1.2
pms-Test on SF mock-Tester3,2027-10-19,2027-10-21,Tester3,test,pms,Test on SF mock,1,1.2
pms-Test on SF mock-Tester4,2027-10-19,2027-10-21,Tester4,test,pms,Test on SF mock,1,1.2
pms-Test on SF mock-Tester5,2027-10-19,2027-10-21,Tester5,test,pms,Test on SF mock,1,1.2
pms-Test on SF mock-Tester6,2027-10-19,2027-10-21,Tester6,test,pms,Test on SF mock,1,1.2
gwno-CTM to SF-Developer7,2027-12-01,2027-12-08,Developer7,dev,gwno,CTM to SF,1,3.0
gwno-CTM to SF-Developer9,2027-12-01,2027-12-08,Developer9,dev,gwno,CTM to SF,1,3.0
gwno-CTM to SF-Developer11,2027-12-01,2027-12-08,Developer11,dev,gwno,CTM to SF,1,3.0
gwno-CTM to SF-Developer16,2027-12-01,2027-12-08,Developer16,dev,gwno,CTM to SF,1,3.0
kn-CTM-Developer18,2027-12-01,2028-01-08,Developer18,dev,kn,CTM,1,16.8
kn-CTM-Developer19,2027-12-01,2028-01-08,Developer19,dev,kn,CTM,1,16.8
kn-CTM-Developer21,2027-12-01,2028-01-08,Developer21,dev,kn,CTM,1,16.8
kn-CTM-Developer23,2027-12-01,2028-01-08,Developer23,dev,kn,CTM,1,16.8
kn-CTM-Developer8,2027-12-01,2028-01-08,Developer8,dev,kn,CTM,1,16.8
kn-CTM-Developer13,2027-12-01,2028-01-08,Developer13,dev,kn,CTM,1,16.8
kn-CTM-Developer14,2027-12-01,2028-01-08,Developer14,dev,kn,CTM,1,16.8
kn-CTM-Developer15,2027-12-01,2028-01-08,Developer15,dev,kn,CTM,1,16.8
kn-CTM-Developer17,2027-12-01,2028-01-08,Developer17,dev,kn,CTM,1,16.8
fks-Test of other marts-Developer12,2027-09-13,2027-10-13,Developer12,dev,fks,Test of other marts,1,13.2
fks-Test of other marts-Developer20,2027-09-13,2027-10-13,Developer20,dev,fks,Test of other marts,1,13.2
gwdk-Test of MM-Developer1,2027-09-15,2027-10-20,Developer1,dev,gwdk,Test of MM,1,15.0
gwdk-Test of MM-Developer2,2027-09-15,2027-10-20,Developer2,dev,gwdk,Test of MM,1,15.0
gwaff-Test of SF-Developer3,2027-12-06,2027-12-18,Developer3,dev,gwaff,Test of SF,1,6.0
gwaff-Test of SF-Developer22,2027-12-06,2027-12-18,Developer22,dev,gwaff,Test of SF,1,6.0
gwaff-Test of SF-Developer24,2027-12-06,2027-12-18,Developer24,dev,gwaff,Test of SF,1,6.0
gwaff-Test of SF-Developer5,2027-12-06,2027-12-18,Developer5,dev,gwaff,Test of SF,1,6.0
gwaff-Test of SF-Developer6,2027-12-06,2027-12-18,Developer6,dev,gwaff,Test of SF,1,6.0
pms-Real data 2 SF-Developer10,2028-01-10,2028-03-02,Developer10,dev,pms,Real data 2 SF,1,22.8
pms-Real data 2 SF-Developer4,2028-01-10,2028-03-02,Developer4,dev,pms,Real data 2 SF,1,22.8
pms-Real data 2 SF-Developer25,2028-01-10,2028-03-02,Developer25,dev,pms,Real data 2 SF,1,22.8
pms-Real data 2 SF-Developer7,2028-01-10,2028-03-02,Developer7,dev,pms,Real data 2 SF,1,22.8
pms-Real data 2 SF-Developer9,2028-01-10,2028-03-02,Developer9,dev,pms,Real data 2 SF,1,22.8
pms-Real data 2 SF-Developer11,2028-01-10,2028-03-02,Developer11,dev,pms,Real data 2 SF,1,22.8
pms-Real data 2 SF-Developer16,2028-01-10,2028-03-02,Developer16,dev,pms,Real data 2 SF,1,22.8
pms-Real data 2 SF-Developer8,2028-01-10,2028-03-02,Developer8,dev,pms,Real data 2 SF,1,22.8
pms-Real data 2 SF-Developer13,2028-01-10,2028-03-02,Developer13,dev,pms,Real data 2 SF,1,22.8
gwno-Test on SF mock-Tester1,2027-12-08,2027-12-10,Tester1,test,gwno,Test on SF mock,1,1.2
gwno-Test on SF mock-Tester2,2027-12-08,2027-12-10,Tester2,test,gwno,Test on SF mock,1,1.2
gwno-Test on SF mock-Tester3,2027-12-08,2027-12-10,Tester3,test,gwno,Test on SF mock,1,1.2
gwno-Test on SF mock-Tester4,2027-12-08,2027-12-10,Tester4,test,gwno,Test on SF mock,1,1.2
gwno-Test on SF mock-Tester5,2027-12-08,2027-12-10,Tester5,test,gwno,Test on SF mock,1,1.2
gwno-Test on SF mock-Tester6,2027-12-08,2027-12-10,Tester6,test,gwno,Test on SF mock,1,1.2
kn-CTM to SF-Developer14,2028-01-10,2028-01-15,Developer14,dev,kn,CTM to SF,1,3.0
kn-CTM to SF-Developer15,2028-01-10,2028-01-15,Developer15,dev,kn,CTM to SF,1,3.0
kn-CTM to SF-Developer17,2028-01-10,2028-01-15,Developer17,dev,kn,CTM to SF,1,3.0
kn-CTM to SF-Developer18,2028-01-10,2028-01-15,Developer18,dev,kn,CTM to SF,1,3.0
gwdk-Test of other marts-Developer12,2027-10-20,2027-11-24,Developer12,dev,gwdk,Test of other marts,1,15.0
gwdk-Test of other marts-Developer20,2027-10-20,2027-11-24,Developer20,dev,gwdk,Test of other marts,1,15.0
gwaff-Test of MM-Developer1,2027-12-20,2028-01-22,Developer1,dev,gwaff,Test of MM,1,15.0
gwaff-Test of MM-Developer2,2027-12-20,2028-01-22,Developer2,dev,gwaff,Test of MM,1,15.0
pms-Test of SF-Developer3,2028-03-02,2028-03-16,Developer3,dev,pms,Test of SF,1,6.0
pms-Test of SF-Developer5,2028-03-02,2028-03-16,Developer5,dev,pms,Test of SF,1,6.0
pms-Test of SF-Developer6,2028-03-02,2028-03-16,Developer6,dev,pms,Test of SF,1,6.0
pms-Test of SF-Developer22,2028-03-02,2028-03-16,Developer22,dev,pms,Test of SF,1,6.0
pms-Test of SF-Developer24,2028-03-02,2028-03-16,Developer24,dev,pms,Test of SF,1,6.0
pms-Test of SF-Developer19,2028-03-02,2028-03-16,Developer19,dev,pms,Test of SF,1,6.0
pms-Test of SF-Developer21,2028-03-02,2028-03-16,Developer21,dev,pms,Test of SF,1,6.0
pms-Test of SF-Developer23,2028-03-02,2028-03-16,Developer23,dev,pms,Test of SF,1,6.0
pms-Test of SF-Developer14,2028-03-02,2028-03-16,Developer14,dev,pms,Test of SF,1,6.0
gwno-Real data 2 SF-Developer15,2028-01-17,2028-03-03,Developer15,dev,gwno,Real data 2 SF,1,20.4
gwno-Real data 2 SF-Developer17,2028-01-17,2028-03-03,Developer17,dev,gwno,Real data 2 SF,1,20.4
kn-Test on SF mock-Tester1,2028-01-17,2028-01-19,Tester1,test,kn,Test on SF mock,1,1.2
kn-Test on SF mock-Tester2,2028-01-17,2028-01-19,Tester2,test,kn,Test on SF mock,1,1.2
kn-Test on SF mock-Tester3,2028-01-17,2028-01-19,Tester3,test,kn,Test on SF mock,1,1.2
kn-Test on SF mock-Tester4,2028-01-17,2028-01-19,Tester4,test,kn,Test on SF mock,1,1.2
kn-Test on SF mock-Tester5,2028-01-17,2028-01-19,Tester5,test,kn,Test on SF mock,1,1.2
kn-Test on SF mock-Tester6,2028-01-17,2028-01-19,Tester6,test,kn,Test on SF mock,1,1.2
gwaff-Test of other marts-Developer12,2028-01-24,2028-02-26,Developer12,dev,gwaff,Test of other marts,1,15.0
gwaff-Test of other marts-Developer20,2028-01-24,2028-02-26,Developer20,dev,gwaff,Test of other marts,1,15.0
pms-Test of MM-Developer18,2028-03-16,2028-04-25,Developer18,dev,pms,Test of MM,1,16.8
pms-Test of MM-Developer1,2028-03-16,2028-04-25,Developer1,dev,pms,Test of MM,1,16.8
pms-Test of MM-Developer2,2028-03-16,2028-04-25,Developer2,dev,pms,Test of MM,1,16.8
gwno-Test of SF-Developer4,2028-03-03,2028-03-17,Developer4,dev,gwno,Test of SF,1,6.0
gwno-Test of SF-Developer7,2028-03-03,2028-03-17,Developer7,dev,gwno,Test of SF,1,6.0
gwno-Test of SF-Developer8,2028-03-03,2028-03-17,Developer8,dev,gwno,Test of SF,1,6.0
gwno-Test of SF-Developer9,2028-03-03,2028-03-17,Developer9,dev,gwno,Test of SF,1,6.0
gwno-Test of SF-Developer10,2028-03-03,2028-03-17,Developer10,dev,gwno,Test of SF,1,6.0
kn-Real data 2 SF-Developer11,2028-03-02,2028-04-19,Developer11,dev,kn,Real data 2 SF,1,20.4
kn-Real data 2 SF-Developer13,2028-03-02,2028-04-19,Developer13,dev,kn,Real data 2 SF,1,20.4
pms-Test of other marts-Developer12,2028-04-25,2028-06-02,Developer12,dev,pms,Test of other marts,1,16.8
pms-Test of other marts-Developer20,2028-04-25,2028-06-02,Developer20,dev,pms,Test of other marts,1,16.8
pms-Test of other marts-Developer16,2028-04-25,2028-06-02,Developer16,dev,pms,Test of other marts,1,16.8
gwno-Test of MM-Developer25,2028-03-17,2028-04-21,Developer25,dev,gwno,Test of MM,1,15.0
gwno-Test of MM-Developer15,2028-03-17,2028-04-21,Developer15,dev,gwno,Test of MM,1,15.0
kn-Test of SF-Developer17,2028-04-19,2028-05-03,Developer17,dev,kn,Test of SF,1,6.0
kn-Test of SF-Developer3,2028-04-19,2028-05-03,Developer3,dev,kn,Test of SF,1,6.0
kn-Test of SF-Developer5,2028-04-19,2028-05-03,Developer5,dev,kn,Test of SF,1,6.0
kn-Test of SF-Developer6,2028-04-19,2028-05-03,Developer6,dev,kn,Test of SF,1,6.0
kn-Test of SF-Developer14,2028-04-19,2028-05-03,Developer14,dev,kn,Test of SF,1,6.0
gwno-Test of other marts-Developer19,2028-04-21,2028-05-26,Developer19,dev,gwno,Test of other marts,1,15.0
gwno-Test of other marts-Developer21,2028-04-21,2028-05-26,Developer21,dev,gwno,Test of other marts,1,15.0
kn-Test of MM-Developer22,2028-05-03,2028-06-07,Developer22,dev,kn,Test of MM,1,15.0
kn-Test of MM-Developer23,2028-05-03,2028-06-07,Developer23,dev,kn,Test of MM,1,15.0
kn-Test of other marts-Developer24,2028-06-07,2028-07-12,Developer24,dev,kn,Test of other marts,1,15.0
kn-Test of other marts-Developer4,2028-06-07,2028-07-12,Developer4,dev,kn,Test of other marts,1,15.0
